{"copilot.agent.description":"Ëðït fïlës ïñ ÿøµr wørkspæçë ïñ ægëñt møðë","copilot.codebase.tool.description":"Fïñð rëlëvæñt fïlë çhµñks, sÿmþøls, æñð øthër ïñførmætïøñ ïñ ÿøµr çøðëþæsë","copilot.description":"Æsk Çøpïløt","copilot.edits.description":"Ëðït fïlës ïñ ÿøµr wørkspæçë","copilot.listCodeUsages.tool.description":"Fïñð rëfërëñçës, ðëfïñïtïøñs, æñð øthër µsægës øf æ sÿmþøl","copilot.terminal.description":"Æsk Çøpïløt","copilot.terminal.explain.description":"Ëxplæïñ sømëthïñg ïñ thë tërmïñæl","copilot.terminal.explain.sampleRequest":"Ëxplæïñ thë læst çømmæñð","copilot.terminal.sampleRequest":"Høw ðø Ï vïëw æll fïlës wïthïñ æ ðïrëçtørÿ ïñçlµðïñg sµþ-ðïrëçtørïës?","copilot.terminalPanel.description":"Æsk høw tø ðø sømëthïñg ïñ thë tërmïñæl","copilot.testFailure.tool.description":"Ïñçlµðës ïñførmætïøñ æþøµt thë læst µñït tëst fæïlµrë","copilot.toolSet.editing.description":"Ëðït fïlës ïñ ÿøµr wørkspæçë","copilot.toolSet.new.description":"§çæffølð æ ñëw wørkspæçë ïñ V§ Çøðë","copilot.toolSet.runCommand.description":"Rµñ çømmæñðs ïñ thë tërmïñæl","copilot.toolSet.runNotebook.description":"Rµñ ñøtëþøøk çëlls","copilot.toolSet.runTasks.description":"Rµñ tæsks ïñ ÿøµr wørkspæçë","copilot.toolSet.search.description":"§ëærçh æñð rëæð fïlës ïñ ÿøµr wørkspæçë","copilot.tools.applyPatch.description":"Ëðït tëxt fïlës ïñ thë wørkspæçë","copilot.tools.applyPatch.name":"Æpplÿ Pætçh","copilot.tools.changes.description":"Gët ðïffs øf çhæñgëð fïlës","copilot.tools.createDirectory.name":"Çrëætë Ðïrëçtørÿ","copilot.tools.createFile.name":"Çrëætë Fïlë","copilot.tools.editNotebook.name":"Ëðït Ñøtëþøøk","copilot.tools.errors.description":"Çhëçk ërrørs før æ pærtïçµlær fïlë","copilot.tools.fetchWebPage.description":"Fëtçh thë mæïñ çøñtëñt frøm æ wëþ pægë. Ýøµ shøµlð ïñçlµðë thë ÜR£ øf thë pægë ÿøµ wæñt tø fëtçh.","copilot.tools.fetchWebPage.name":"Fëtçh Wëþ Pægë","copilot.tools.findFiles.name":"Fïñð Fïlës","copilot.tools.findTestFiles.description":"Før æ søµrçë çøðë fïlë, fïñð thë fïlë thæt çøñtæïñs thë tësts. Før æ tëst fïlë, fïñð thë fïlë thæt çøñtæïñs thë çøðë µñðër tëst","copilot.tools.findTestFiles.name":"Fïñð Tëst Fïlës","copilot.tools.findTextInFiles.name":"Fïñð Tëxt Ïñ Fïlës","copilot.tools.getChangedFiles.name":"Gït Çhæñgës","copilot.tools.getDocInfo.description":"Før æ sÿmþøl lïkë æ çlæss ør fµñçtïøñ, fïñð thë ïñførmætïøñ æþøµt høw tø ðøçµmëñt ït","copilot.tools.getDocInfo.name":"Ðøç Ïñfø","copilot.tools.getErrors.name":"Gët Prøþlëms","copilot.tools.getNotebookCellOutput.description":"Rëæð thë øµtpµt øf æ prëvïøµslÿ ëxëçµtëð çëll","copilot.tools.getNotebookCellOutput.name":"Gët Ñøtëþøøk Çëll Øµtpµt","copilot.tools.getTerminalOutput.name":"Gët Tërmïñæl Øµtpµt","copilot.tools.getVSCodeAPI.name":"Gët V§ Çøðë ÆPÏ Rëfërëñçës","copilot.tools.insertEdit.name":"Ëðït Fïlë","copilot.tools.listCodeUsages.name":"Fïñð Üsægës","copilot.tools.listDirectory.name":"£ïst Ðïr","copilot.tools.newJupyterNotebook.description":"Çrëætë æ ñëw Jµpÿtër Ñøtëþøøk","copilot.tools.openSimpleBrowser.description":"Prëvïëw æ løçællÿ høstëð wëþsïtë ïñ thë §ïmplë ßrøwsër","copilot.tools.openSimpleBrowser.name":"Øpëñ §ïmplë ßrøwsër","copilot.tools.readFile.name":"Rëæð Fïlë","copilot.tools.readProjectStructure.name":"Prøjëçt §trµçtµrë","copilot.tools.replaceString.name":"Rëplæçë §trïñg ïñ Fïlë","copilot.tools.runInTerminal.name":"Rµñ Ïñ Tërmïñæl","copilot.tools.runNotebookCell.description":"Trïggër thë ëxëçµtïøñ øf æ çëll ïñ æ ñøtëþøøk fïlë","copilot.tools.runNotebookCell.name":"Rµñ Ñøtëþøøk Çëll","copilot.tools.runTests.name":"Rµñ Tësts","copilot.tools.searchCodebase.name":"Çøðëþæsë","copilot.tools.searchWorkspaceSymbols.name":"Wørkspæçë §ÿmþøls","copilot.tools.testFailure.name":"Tëst Fæïlµrë","copilot.tools.think.name":"Thïñk","copilot.tools.updateUserPreferences.name":"Üpðætë Üsër Prëfërëñçës","copilot.vscode.api.description":"Æsk æþøµt V§ Çøðë ëxtëñsïøñ ðëvëløpmëñt","copilot.vscode.api.sampleRequest":"Høw ðø Ï æðð tëxt tø thë stætµs þær?","copilot.vscode.description":"Æsk qµëstïøñs æþøµt V§ Çøðë","copilot.vscode.sampleRequest":"Whæt ïs thë çømmæñð tø øpëñ thë ïñtëgrætëð tërmïñæl?","copilot.vscode.search.description":"Gëñërætë qµërÿ pæræmëtërs før wørkspæçë sëærçh","copilot.vscode.search.sampleRequest":"§ëærçh før 'føø' ïñ æll fïlës µñðër mÿ 'srç' ðïrëçtørÿ","copilot.vscode.setupTests.description":"§ët µp tësts ïñ ÿøµr prøjëçt (Ëxpërïmëñtæl)","copilot.vscode.setupTests.sampleRequest":"æðð plæÿwrïght tësts tø mÿ prøjëçt","copilot.vscode.startDebugging.description":"Gëñërætë læµñçh çøñfïg æñð stært ðëþµggïñg ïñ V§ Çøðë (Ëxpërïmëñtæl)","copilot.vscode.startDebugging.sampleRequest":"Ættæçh tø ñøðë æpp æt pørt 9229","copilot.vscode.tool.description":"Üsë V§ Çøðë ÆPÏ rëfërëñçës tø æñswër qµëstïøñs æþøµt V§ Çøðë ëxtëñsïøñ ðëvëløpmëñt.","copilot.workspace.description":"Æsk æþøµt ÿøµr wørkspæçë","copilot.workspace.doc.description":"Æðð ðøçµmëñtætïøñ çømmëñt før thïs sÿmþøl","copilot.workspace.edit.description":"Ëðït fïlës ïñ ÿøµr wørkspæçë","copilot.workspace.edit.inline.description":"Ëðït thë sëlëçtëð çøðë ïñ ÿøµr æçtïvë ëðïtør","copilot.workspace.explain.description":"Ëxplæïñ høw thë çøðë ïñ ÿøµr æçtïvë ëðïtør wørks","copilot.workspace.fix.description":"Prøpøsë æ fïx før thë prøþlëms ïñ thë sëlëçtëð çøðë","copilot.workspace.fix.sampleRequest":"Thërë ïs æ prøþlëm ïñ thïs çøðë. Rëwrïtë thë çøðë tø shøw ït wïth thë þµg fïxëð.","copilot.workspace.generate.description":"Gëñërætë ñëw çøðë","copilot.workspace.new.description":"§çæffølð çøðë før æ ñëw fïlë ør prøjëçt ïñ æ wørkspæçë","copilot.workspace.new.sampleRequest":"Çrëætë æ RË§Tfµl ÆPÏ sërvër µsïñg tÿpësçrïpt","copilot.workspace.newNotebook.description":"Çrëætë æ ñëw Jµpÿtër Ñøtëþøøk","copilot.workspace.newNotebook.sampleRequest":"Høw ðø Ï çrëætë æ ñøtëþøøk tø løæð ðætæ frøm æ çsv fïlë?","copilot.workspace.review.description":"Rëvïëw thë sëlëçtëð çøðë ïñ ÿøµr æçtïvë ëðïtør","copilot.workspace.sampleRequest":"Høw ðø Ï þµïlð thïs prøjëçt?","copilot.workspace.semanticSearch.description":"Fïñð rëlëvæñt çøðë tø ÿøµr qµërÿ","copilot.workspace.semanticSearch.sampleRequest":"Whërë ïs thë tøølþær çøðë?","copilot.workspace.tests.description":"Gëñërætë µñït tësts før thë sëlëçtëð çøðë","copilot.workspaceSymbols.tool.description":"§ëærçh før wørkspæçë sÿmþøls µsïñg læñgµægë sërvïçës.","github.copilot.badge.signUp":"§ïgñ µp før GïtHµþ Çøpïløt","github.copilot.badge.star":"§tær Çøpïløt øñ GïtHµþ","github.copilot.badge.twitter":"Følløw GïtHµþ øñ Twïttër","github.copilot.badge.youtube":"Çhëçk øµt GïtHµþ øñ Ýøµtµþë","github.copilot.chat.completionContext.typescript.mode":"Thë ëxëçµtïøñ møðë øf thë Tÿpë§çrïpt Çøpïløt çøñtëxt prøvïðër.","github.copilot.chat.copilotDebugCommand.enabled":"Whëthër thë `çøpïløt-ðëþµg` çømmæñð ïs ëñæþlëð ïñ thë tërmïñæl.","github.copilot.chat.editor.temporalContext.enabled":"Whëñ mækïñg ïñlïñë çhæt rëqµëst whëthër tø ïñçlµðë rëçëñtlÿ vïëwëð æñð ëðïtëð fïlës wïth Çøpïløt rëqµësts.","github.copilot.chat.edits.suggestRelatedFilesForTests":"Whëthër tø sµggëst søµrçë fïlës frøm tëst fïlës før thë Çøpïløt Ëðïts wørkïñg sët.","github.copilot.chat.edits.temporalContext.enabled":"Whëñ mækïñg ëðïts rëqµëst whëthër tø ïñçlµðë rëçëñtlÿ vïëwëð æñð ëðïtëð fïlës wïth Çøpïløt rëqµësts.","github.copilot.chat.languageContext.fix.typescript.enabled":"Ëñæþlës thë Tÿpë§çrïpt læñgµægë çøñtëxt prøvïðër før /fïx çømmæñðs","github.copilot.chat.languageContext.inline.typescript.enabled":"Ëñæþlës thë Tÿpë§çrïpt læñgµægë çøñtëxt prøvïðër før ïñlïñë çhæts (þøth gëñërætë æñð ëðït)","github.copilot.chat.languageContext.typescript.cacheTimeout":"Thë çæçhë pøpµlætïøñ tïmëøµt før thë Tÿpë§çrïpt læñgµægë çøñtëxt prøvïðër ïñ mïllïsëçøñðs. Thë ðëfæµlt ïs 500 mïllïsëçøñðs.","github.copilot.chat.languageContext.typescript.enabled":"Ëñæþlës thë Tÿpë§çrïpt læñgµægë çøñtëxt prøvïðër før ïñlïñë çømplëtïøñs","github.copilot.command.applyReviewSuggestion":"Æpplÿ","github.copilot.command.applyReviewSuggestionAndNext":"Æpplÿ æñð Gø tø Ñëxt","github.copilot.command.applySuggestionWithCopilot":"Æpplÿ §µggëstïøñ wïth Çøpïløt","github.copilot.command.attachTerminalSelection":"Æðð Tërmïñæl §ëlëçtïøñ tø Çhæt","github.copilot.command.buildLocalWorkspaceIndex":"ßµïlð £øçæl Wørkspæçë Ïñðëx","github.copilot.command.buildRemoteWorkspaceIndex":"ßµïlð Rëmøtë Wørkspæçë Ïñðëx","github.copilot.command.collectDiagnostics":"GïtHµþ Çøpïløt Çhæt Ðïægñøstïçs","github.copilot.command.collectWorkspaceIndexDiagnostics":"Çøllëçt Wørkspæçë Ïñðëx Ðïægñøstïçs","github.copilot.command.continueReviewInChat":"Vïëw ïñ Çhæt Pæñël","github.copilot.command.continueReviewInInlineChat":"Ðïsçærð æñð Çøpÿ tø Ïñlïñë Çhæt","github.copilot.command.discardAllReviewSuggestion":"Ðïsçærð Æll","github.copilot.command.discardReviewSuggestion":"Ðïsçærð","github.copilot.command.discardReviewSuggestionAndNext":"Ðïsçærð æñð Gø tø Ñëxt","github.copilot.command.explainTerminalLastCommand":"Ëxplæïñ £æst Tërmïñæl Çømmæñð","github.copilot.command.explainTerminalSelection":"Ëxplæïñ Tërmïñæl §ëlëçtïøñ","github.copilot.command.explainTerminalSelectionContextMenu":"Ëxplæïñ","github.copilot.command.explainThis":"Ëxplæïñ","github.copilot.command.fixTestFailure":"Fïx Tëst Fæïlµrë","github.copilot.command.fixThis":"Fïx","github.copilot.command.generateConfiguration":"Gëñërætë Ðëþµg Çøñfïgµrætïøñ wïth GïtHµþ Çøpïløt","github.copilot.command.generateDocs":"Gëñërætë Ðøçs","github.copilot.command.generateSTest":"Gëñërætë §Tëst Frøm £æst Çhæt Rëqµëst","github.copilot.command.generateTests":"Gëñërætë Tësts","github.copilot.command.generateThis":"Gëñërætë Thïs","github.copilot.command.gotoNextReviewSuggestion":"Ñëxt §µggëstïøñ","github.copilot.command.gotoPreviousReviewSuggestion":"Prëvïøµs §µggëstïøñ","github.copilot.command.helpfulReviewSuggestion":"Hëlpfµl","github.copilot.command.logWorkbenchState":"£øg Wørkþëñçh §tætë","github.copilot.command.openUserPreferences":"Øpëñ Üsër Prëfërëñçës","github.copilot.command.openWalkthrough":"Øpëñ Wælkthrøµgh","github.copilot.command.rerunWithCopilotDebug":"Ðëþµg £æst Tërmïñæl Çømmæñð","github.copilot.command.reviewAndComment":"Rëvïëw æñð Çømmëñt","github.copilot.command.reviewChanges":"Çøpïløt Çøðë Rëvïëw - Üñçømmïttëð Çhæñgës","github.copilot.command.reviewChanges.cancel":"Çøpïløt Çøðë Rëvïëw - Çæñçël","github.copilot.command.reviewStagedChanges":"Çøpïløt Çøðë Rëvïëw - §tægëð Çhæñgës","github.copilot.command.reviewUnstagedChanges":"Çøpïløt Çøðë Rëvïëw - Üñstægëð Çhæñgës","github.copilot.command.sendChatFeedback":"§ëñð Çhæt Fëëðþæçk","github.copilot.command.showNotebookLog":"§høw Çhæt £øg Ñøtëþøøk","github.copilot.command.unhelpfulReviewSuggestion":"Üñhëlpfµl","github.copilot.config.agent.currentEditorContext.enabled":"Whëñ ëñæþlëð, Çøpïløt wïll ïñçlµðë thë ñæmë øf thë çµrrëñt æçtïvë ëðïtør ïñ thë çøñtëxt før ægëñt møðë.","github.copilot.config.agent.runTasks":"Çøñfïgµrës whëthër Çøpïløt Ëðïts çæñ rµñ wørkspæçë tæsks ïñ ægëñt møðë.","github.copilot.config.agent.thinkingTool":"Ëñæþlës thë thïñkïñg tøøl thæt ælløws Çøpïløt tø thïñk ðëëplÿ æþøµt ÿøµr rëqµëst þëførë gëñërætïñg æ rëspøñsë ïñ ægëñt møðë.","github.copilot.config.autoFix":"Æµtømætïçællÿ fïx ðïægñøstïçs før ëðïtëð fïlës.","github.copilot.config.byok.ollamaEndpoint":"Thë ëñðpøïñt tø µsë før thë Øllæmæ whëñ æççëssëð vïæ þrïñg ÿøµr øwñ këÿ. Ðëfæµlts tø løçælhøst.","github.copilot.config.codeGeneration.instruction.file":"Æ pæth tø æ fïlë thæt wïll þë æððëð tø Çøpïløt rëqµësts thæt gëñërætë çøðë. Øptïøñællÿ, ÿøµ çæñ spëçïfÿ æ læñgµægë før thë ïñstrµçtïøñ.","github.copilot.config.codeGeneration.instruction.text":"Æ tëxt ïñstrµçtïøñ thæt wïll þë æððëð tø Çøpïløt rëqµësts thæt gëñërætë çøðë. Øptïøñællÿ, ÿøµ çæñ spëçïfÿ æ læñgµægë før thë ïñstrµçtïøñ.","github.copilot.config.codeGeneration.instructions":"Æ sët øf ïñstrµçtïøñs thæt wïll þë æððëð tø Çøpïløt rëqµësts thæt gëñërætë çøðë.\nÏñstrµçtïøñs çæñ çømë frøm: \n- æ fïlë ïñ thë wørkspæçë: `{ \"fïlë\": \"fïlëÑæmë\" }`\n- tëxt ïñ ñætµræl læñgµægë: `{ \"tëxt\": \"Üsë µñðërsçørë før fïëlð ñæmës.\" }`\n\nÑøtë: Këëp ÿøµr ïñstrµçtïøñs shørt æñð prëçïsë. Pøør ïñstrµçtïøñs çæñ ðëgræðë Çøpïløt's qµælïtÿ æñð përførmæñçë.","github.copilot.config.codeGeneration.useInstructionFiles":"Çøñtrøls whëthër çøðë ïñstrµçtïøñs frøm `.gïthµþ/çøpïløt-ïñstrµçtïøñs.mð` ærë æððëð tø Çøpïløt rëqµësts.\n\nÑøtë: Këëp ÿøµr ïñstrµçtïøñs shørt æñð prëçïsë. Pøør ïñstrµçtïøñs çæñ ðëgræðë Çøpïløt's qµælïtÿ æñð përførmæñçë. [£ëærñ mørë](https://ækæ.ms/gïthµþ-çøpïløt-çµstøm-ïñstrµçtïøñs) æþøµt çµstømïzïñg Çøpïløt.","github.copilot.config.codesearch.enabled":"Whëthër tø ëñæþlë ægëñtïç çøðësëærçh whëñ µsïñg `#çøðëþæsë`.","github.copilot.config.commitMessageGeneration.instruction.file":"Æ pæth tø æ fïlë wïth ïñstrµçtïøñs thæt wïll þë æððëð tø Çøpïløt rëqµësts thæt gëñërætë çømmït mëssægës.","github.copilot.config.commitMessageGeneration.instruction.text":"Tëxt ïñstrµçtïøñs thæt wïll þë æððëð tø Çøpïløt rëqµësts thæt gëñërætë çømmït mëssægës.","github.copilot.config.commitMessageGeneration.instructions":"Æ sët øf ïñstrµçtïøñs thæt wïll þë æððëð tø Çøpïløt rëqµësts thæt gëñërætë çømmït mëssægës.\nÏñstrµçtïøñs çæñ çømë frøm: \n- æ fïlë ïñ thë wørkspæçë: `{ \"fïlë\": \"fïlëÑæmë\" }`\n- tëxt ïñ ñætµræl læñgµægë: `{ \"tëxt\": \"Üsë çøñvëñtïøñæl çømmït mëssægë førmæt.\" }`\n\nÑøtë: Këëp ÿøµr ïñstrµçtïøñs shørt æñð prëçïsë. Pøør ïñstrµçtïøñs çæñ ðëgræðë Çøpïløt's qµælïtÿ æñð përførmæñçë.","github.copilot.config.debugTerminalCommandPatterns":"Æ lïst øf çømmæñðs før whïçh thë \"Ðëþµg Çømmæñð\" qµïçk fïx æçtïøñ shøµlð þë shøwñ ïñ thë ðëþµg tërmïñæl.","github.copilot.config.debugTerminalCommands":"Whëthër tø qµïçk fïx hïñts ïñ thë ðëþµg tërmïñæl æñð thë `çøpïløt-ðëþµg` çømmæñð.","github.copilot.config.edits.codesearch.enabled":"Thïs sëttïñg ïs ðëprëçætëð ïñ fævør øf `#gïthµþ.çøpïløt.çhæt.çøðësëærçh.ëñæþlëð#`.","github.copilot.config.edits.enabled":"Whëthër tø ëñæþlë thë Çøpïløt Ëðïts fëætµrë.","github.copilot.config.edits.suggestRelatedFilesFromGitHistory":"Whëthër tø sµggëst rëlætëð fïlës frøm gït hïstørÿ før thë Çøpïløt Ëðïts wørkïñg sët.","github.copilot.config.editsNewNotebook.enabled":"Whëthër tø ëñæþlë thë ñëw ñøtëþøøk tøøl ïñ Çøpïløt Ëðïts.","github.copilot.config.enableCodeActions":"Çøñtrøls ïf Çøpïløt çømmæñðs ærë shøwñ æs Çøðë Æçtïøñs whëñ ævæïlæþlë","github.copilot.config.enableUserPreferences":"Ëñæþlë rëmëmþërïñg µsër prëfërëñçës ïñ ægëñt møðë.","github.copilot.config.experimental.testGeneration.instruction.file":"Æ pæth tø æ fïlë thæt wïll þë æððëð tø Çøpïløt rëqµësts thæt gëñërætë tësts. Øptïøñællÿ, ÿøµ çæñ spëçïfÿ æ læñgµægë før thë ïñstrµçtïøñ.","github.copilot.config.experimental.testGeneration.instruction.text":"Æ tëxt ïñstrµçtïøñ thæt wïll þë æððëð tø Çøpïløt rëqµësts thæt gëñërætë tësts. Øptïøñællÿ, ÿøµ çæñ spëçïfÿ æ læñgµægë før thë ïñstrµçtïøñ.","github.copilot.config.generateTests.codeLens":"§høw 'Gëñërætë tësts' çøðë lëñs før sÿmþøls thæt ærë ñøt çøvërëð þÿ çµrrëñt tëst çøvërægë ïñførmætïøñ.","github.copilot.config.localeOverride":"§pëçïfÿ æ løçælë thæt Çøpïløt shøµlð rëspøñð ïñ, ë.g. `ëñ` ør `fr`. ßÿ ðëfæµlt, Çøpïløt wïll rëspøñð µsïñg V§ Çøðë's çøñfïgµrëð ðïsplæÿ læñgµægë løçælë.","github.copilot.config.newWorkspaceCreation.enabled":"Whëthër tø ëñæþlë ñëw ægëñtïç wørkspæçë çrëætïøñ.","github.copilot.config.notebook.followCellExecution":"Çøñtrøls whëthër thë çµrrëñtlÿ ëxëçµtïñg çëll ïs rëvëælëð ïñtø thë vïëwpørt µpøñ ëxëçµtïøñ frøm Çøpïløt.","github.copilot.config.pullRequestDescriptionGeneration.instruction.file":"Æ pæth tø æ fïlë wïth ïñstrµçtïøñs thæt wïll þë æððëð tø Çøpïløt rëqµësts thæt gëñërætë pµll rëqµëst tïtlës æñð ðësçrïptïøñs.","github.copilot.config.pullRequestDescriptionGeneration.instruction.text":"Tëxt ïñstrµçtïøñs thæt wïll þë æððëð tø Çøpïløt rëqµësts thæt gëñërætë pµll rëqµëst tïtlës æñð ðësçrïptïøñs.","github.copilot.config.pullRequestDescriptionGeneration.instructions":"Æ sët øf ïñstrµçtïøñs thæt wïll þë æððëð tø Çøpïløt rëqµësts thæt gëñërætë pµll rëqµëst tïtlës æñð ðësçrïptïøñs.\nÏñstrµçtïøñs çæñ çømë frøm: \n- æ fïlë ïñ thë wørkspæçë: `{ \"fïlë\": \"fïlëÑæmë\" }`\n- tëxt ïñ ñætµræl læñgµægë: `{ \"tëxt\": \"Ælwæÿs ïñçlµðë æ lïst øf këÿ çhæñgës.\" }`\n\nÑøtë: Këëp ÿøµr ïñstrµçtïøñs shørt æñð prëçïsë. Pøør ïñstrµçtïøñs çæñ ðëgræðë Çøpïløt's qµælïtÿ æñð përførmæñçë.","github.copilot.config.renameSuggestions.triggerAutomatically":"Çøñtrøls whëthër Çøpïløt gëñërætës sµggëstïøñs før rëñæmïñg","github.copilot.config.reviewSelection.enabled":"Ëñæþlës çøðë rëvïëw øñ çµrrëñt sëlëçtïøñ.","github.copilot.config.reviewSelection.instruction.file":"Æ pæth tø æ fïlë thæt wïll þë æððëð tø Çøpïløt rëqµësts thæt prøvïðë çøðë rëvïëw før thë çµrrëñt sëlëçtïøñ. Øptïøñællÿ, ÿøµ çæñ spëçïfÿ æ læñgµægë før thë ïñstrµçtïøñ.","github.copilot.config.reviewSelection.instruction.text":"Æ tëxt ïñstrµçtïøñ thæt wïll þë æððëð tø Çøpïløt rëqµësts thæt prøvïðë çøðë rëvïëw før thë çµrrëñt sëlëçtïøñ. Øptïøñællÿ, ÿøµ çæñ spëçïfÿ æ læñgµægë før thë ïñstrµçtïøñ.","github.copilot.config.reviewSelection.instructions":"Æ sët øf ïñstrµçtïøñs thæt wïll þë æððëð tø Çøpïløt rëqµësts thæt prøvïðë çøðë rëvïëw før thë çµrrëñt sëlëçtïøñ.\nÏñstrµçtïøñs çæñ çømë frøm: \n- æ fïlë ïñ thë wørkspæçë: `{ \"fïlë\": \"fïlëÑæmë\" }`\n- tëxt ïñ ñætµræl læñgµægë: `{ \"tëxt\": \"Üsë µñðërsçørë før fïëlð ñæmës.\" }`\n\nÑøtë: Këëp ÿøµr ïñstrµçtïøñs shørt æñð prëçïsë. Pøør ïñstrµçtïøñs çæñ ðëgræðë Çøpïløt's ëffëçtïvëñëss.","github.copilot.config.scopeSelection":"Whëthër tø prømpt thë µsër tø sëlëçt æ spëçïfïç sÿmþøl sçøpë ïf thë µsër µsës `/ëxplæïñ` æñð thë æçtïvë ëðïtør hæs ñø sëlëçtïøñ.","github.copilot.config.setupTests.enabled":"Ëñæþlës thë `/sëtµpTësts` ïñtëñt æñð prømptïñg ïñ `/tësts` gëñërætïøñ.","github.copilot.config.startDebugging.enabled":"Ëñæþlës thë `/stærtÐëþµggïñg` ïñtëñt ïñ pæñël çhæt. Gëñërætës ør fïñðs læµñçh çøñfïg tø mætçh thë qµërÿ (ïf æñÿ), prøjëçt strµçtµrë, æñð mørë.","github.copilot.config.summarizeAgentConversationHistory.enabled":"Whëthër tø æµtø-sµmmærïzë ægëñt çøñvërsætïøñ hïstørÿ øñçë thë çøñtëxt wïñðøw ïs fïllëð.","github.copilot.config.terminalChatLocation":"Çøñtrøls whërë çhæt qµërïës frøm thë tërmïñæl shøµlð þë øpëñëð.","github.copilot.config.terminalChatLocation.chatView":"Øpëñ thë çhæt vïëw.","github.copilot.config.terminalChatLocation.quickChat":"Øpëñ qµïçk çhæt.","github.copilot.config.terminalChatLocation.terminal":"Øpëñ tërmïñæl ïñlïñë çhæt","github.copilot.config.testGeneration.instructions":"Æ sët øf ïñstrµçtïøñs thæt wïll þë æððëð tø Çøpïløt rëqµësts thæt gëñërætë tësts.\nÏñstrµçtïøñs çæñ çømë frøm: \n- æ fïlë ïñ thë wørkspæçë: `{ \"fïlë\": \"fïlëÑæmë\" }`\n- tëxt ïñ ñætµræl læñgµægë: `{ \"tëxt\": \"Üsë µñðërsçørë før fïëlð ñæmës.\" }`\n\nÑøtë: Këëp ÿøµr ïñstrµçtïøñs shørt æñð prëçïsë. Pøør ïñstrµçtïøñs çæñ ðëgræðë Çøpïløt's qµælïtÿ æñð përførmæñçë.","github.copilot.config.useProjectTemplates":"Üsë rëlëvæñt GïtHµþ prøjëçts æs stærtër prøjëçts whëñ µsïñg `/ñëw`","github.copilot.devcontainer.generateDevContainerConfig":"Gëñërætë Ðëv Çøñtæïñër Çøñfïgµrætïøñ wïth Çøpïløt","github.copilot.git.generateCommitMessage":"Gëñërætë Çømmït Mëssægë wïth Çøpïløt","github.copilot.icon":"GïtHµþ Çøpïløt ïçøñ","github.copilot.nextEditSuggestions.enabled":"Whëthër tø ëñæþlë ñëxt ëðït sµggëstïøñs (ÑË§).\n\nÑË§ çæñ prøpøsë æ ñëxt ëðït þæsëð øñ ÿøµr rëçëñt çhæñgës. [£ëærñ mørë](https://ækæ.ms/vsçøðë-ñës) æþøµt ñëxt ëðït sµggëstïøñs.","github.copilot.nextEditSuggestions.fixes":"Whëthër tø øffër fïxës før ðïægñøstïçs vïæ ñëxt ëðït sµggëstïøñs (ÑË§).","github.copilot.resetAutomaticCommandExecutionPrompt":"Rësët Æµtømætïç Çømmæñð Ëxëçµtïøñ Prømpt","github.copilot.submenu.copilot.label":"Çøpïløt","github.copilot.submenu.reviewComment.applyAndNext.label":"Æpplÿ æñð Gø tø Ñëxt","github.copilot.submenu.reviewComment.discard.label":"Ðïsçærð","github.copilot.submenu.reviewComment.discardAndNext.label":"Ðïsçærð æñð Gø tø Ñëxt","github.copilot.tools.createAndRunTask.description":"Çrëætë æñð rµñ æ tæsk ïñ thë wørkspæçë","github.copilot.tools.createAndRunTask.name":"Çrëætë æñð Rµñ Tæsk","github.copilot.tools.createAndRunTask.userDescription":"Çrëætë æñð rµñ æ tæsk ïñ thë wørkspæçë","github.copilot.tools.createNewWorkspace.name":"Çrëætë Ñëw Wørkspæçë","github.copilot.tools.createNewWorkspace.userDescription":"§çæffølð æ ñëw wørkspæçë ïñ V§ Çøðë","github.copilot.tools.getProjectSetupInfo.name":"Gët Prøjëçt §ëtµp Ïñfø","github.copilot.tools.githubRepo.name":"§ëærçh GïtHµþ Rëpøsïtørÿ","github.copilot.tools.githubRepo.userDescription":"§ëærçhës æ GïtHµþ rëpøsïtørÿ før rëlëvæñt søµrçë çøðë sñïppëts. Ýøµ çæñ spëçïfÿ æ rëpøsïtørÿ µsïñg `øwñër/rëpø`","github.copilot.tools.openEmptyFolder.name":"Øpëñ æñ ëmptÿ følðër æs V§ Çøðë wørkspæçë","github.copilot.tools.searchResults.description":"Thë rësµlts frøm thë sëærçh vïëw","github.copilot.tools.searchResults.name":"§ëærçh Vïëw Rësµlts","github.copilot.tools.terminalLastCommand.description":"Thë æçtïvë tërmïñæl's læst rµñ çømmæñð","github.copilot.tools.terminalLastCommand.name":"Tërmïñæl £æst Çømmæñð","github.copilot.tools.terminalSelection.description":"Thë æçtïvë tërmïñæl's sëlëçtïøñ","github.copilot.tools.terminalSelection.name":"Tërmïñæl §ëlëçtïøñ","github.copilot.viewsWelcome.chatDisabled":"GïtHµþ Çøpïløt Çhæt ïs çµrrëñtlÿ ðïsæþlëð før ÿøµr æççøµñt þÿ æñ ørgæñïzætïøñ æðmïñïstrætør. Çøñtæçt æñ ørgæñïzætïøñ æðmïñïstrætør tø ëñæþlë çhæt.\n\n[£ëærñ Mørë](https://docs.github.com/en/copilot/managing-copilot/managing-github-copilot-in-your-organization/managing-github-copilot-features-in-your-organization/managing-policies-for-copilot-in-your-organization)","github.copilot.viewsWelcome.contactSupport":"Thërë sëëms tø þë æ prøþlëm wïth ÿøµr æççøµñt. Plëæsë çøñtæçt GïtHµþ sµppørt.\n\n[Çøñtæçt §µppørt](https://support.github.com/?editor=vscode)","github.copilot.viewsWelcome.debug":"GïtHµþ Çøpïløt Çhæt çæñ hëlp ÿøµ stært ðëþµggïñg, ëïthër þæsëð øñ æ [tërmïñæl çømmæñð](command:github.copilot.chat.startCopilotDebugCommand) ør wïth [ïñtëræçtïvë çhæt](command:workbench.action.chat.open?%7B%22query%22%3A%22%40vscode%20%2FstartDebugging%20%22%2C%22isPartialQuery%22%3Atrue%7D).","github.copilot.viewsWelcome.enterprise":"Çøñtæçt ÿøµr GïtHµþ ørgæñïzætïøñ æðmïñïstrætør tø ëñæþlë Çøpïløt.","github.copilot.viewsWelcome.individual.expired":"Ýøµr Çøpïløt sµþsçrïptïøñ hæs ëxpïrëð.\n\n[Rëvïëw Çøpïløt §ëttïñgs](https://gïthµþ.çøm/sëttïñgs/çøpïløt?ëðïtør=vsçøðë)","github.copilot.viewsWelcome.offline":"Ýøµ ærë çµrrëñtlÿ øfflïñë. Plëæsë çøññëçt tø thë ïñtërñët tø µsë GïtHµþ Çøpïløt.\n\n[Rëtrÿ Çøññëçtïøñ](command:github.copilot.refreshToken)","github.copilot.viewsWelcome.signIn":"§ïgñ ïñ tø µsë Çøpïløt ÆÏ fëætµrës.\n\n[§ïgñ ïñ tø µsë Çøpïløt](command:workbench.action.chat.triggerSetup)","github.copilot.viewsWelcome.switchToReleaseChannel":"Thë Prë-Rëlëæsë vërsïøñ øf thë GïtHµþ Çøpïløt Çhæt ëxtëñsïøñ ïs ñøt çµrrëñtlÿ sµppørtëð ïñ thë stæþlë vërsïøñ øf V§ Çøðë. Plëæsë swïtçh tø thë rëlëæsë vërsïøñ før GïtHµþ Çøpïløt Çhæt ør trÿ V§ Çøðë Ïñsïðërs.\n\n[§wïtçh tø Rëlëæsë Vërsïøñ æñð Rëløæð](command:runCommands?%7B%22commands%22%3A%5B%7B%22command%22%3A%22workbench.extensions.action.switchToRelease%22%2C%22args%22%3A%5B%22GitHub.copilot-chat%22%5D%7D%2C%22workbench.action.reloadWindow%22%5D%7D)\n\n[§wïtçh tø V§ Çøðë Ïñsïðërs](https://aka.ms/vscode-insiders)","github.copilot.walkthrough.description":"Ýøµr ÆÏ pæïr prøgræmmër tø wrïtë çøðë fæstër æñð smærtër","github.copilot.walkthrough.edits.description":"Üsë **Çøpïløt Ëðïts** tø sëlëçt fïlës ÿøµ wæñt tø wørk wïth æñð ðësçrïþë çhæñgës ÿøµ wæñt tø mækë. Çøpïløt æpplïës thëm ðïrëçtlÿ tø ÿøµr fïlës.\n[Ëðït wïth Çøpïløt](çømmæñð:wørkþëñçh.æçtïøñ.çhæt.øpëñ?%7ß%22møðë%22%3Æ%22ëðït%22%7Ð)","github.copilot.walkthrough.edits.media.altText":"Thë vïðëø shøws thë µsër ðræggïñg æñð ðrøppïñg fïlës ïñtø thë Çøpïløt Ëðïts ïñpµt þøx løçætëð ïñ thë sëçøñðærÿ sïðëþær. Çøpïløt thëñ µpðætës thë fïlë æççørðïñg tø thë µsër’s rëqµëst","github.copilot.walkthrough.edits.title":"Mækë çhæñgës µsïñg ñætµræl læñgµægë","github.copilot.walkthrough.firstSuggest.description":"Æs ÿøµ tÿpë ïñ thë ëðïtør, Çøpïløt sµggësts çøðë tø hëlp ÿøµ çømplëtë whæt ÿøµ stærtëð.","github.copilot.walkthrough.firstSuggest.media.altText":"Thë vïðëø shøws ðïffërëñt Çøpïløt çømplëtïøñs, whërë Çøpïløt sµggësts çøðë tø hëlp thë µsër çømplëtë thëïr çøðë","github.copilot.walkthrough.firstSuggest.title":"ÆÏ-sµggëstëð çøðë çømplëtïøñs","github.copilot.walkthrough.inlineChatMac.description":"§ømëtïmës, ït's ëæsïër tø ðësçrïþë thë çøðë ÿøµ wæñt tø wrïtë ðïrëçtlÿ wïthïñ æ fïlë.\nPlæçë ÿøµr çµrsør ør mækë æ sëlëçtïøñ æñð µsë **``Çmð+Ï``** tø øpëñ **Ïñlïñë Çhæt**.","github.copilot.walkthrough.inlineChatMac.media.altText":"Thë vïðëø shøws thë µsër ïñvøkïñg thë ïñlïñë çhæt wïðgët æñð æskïñg Çøpïløt tø mækë æ çhæñgë ïñ thë fïlë µsïñg ñætµræl læñgµægë. Çøpïløt thëñ mækës thë rëqµëstëð çhæñgë","github.copilot.walkthrough.inlineChatMac.title":"Üsë ñætµræl læñgµægë ïñ ÿøµr fïlës","github.copilot.walkthrough.inlineChatNotMac.description":"§ømëtïmës, ït's ëæsïër tø ðësçrïþë thë çøðë ÿøµ wæñt tø wrïtë ðïrëçtlÿ wïthïñ æ fïlë.\nPlæçë ÿøµr çµrsør ør mækë æ sëlëçtïøñ æñð µsë **``Çtrl+Ï``** tø øpëñ **Ïñlïñë Çhæt**.","github.copilot.walkthrough.inlineChatNotMac.media.altText":"Ïñlïñë Çhæt vïëw ïñ thë ëðïtør. Thë vïðëø shøws thë µsër ïñvøkïñg thë ïñlïñë çhæt wïðgët æñð æskïñg Çøpïløt tø mækë æ çhæñgë ïñ thë fïlë µsïñg ñætµræl læñgµægë. Çøpïløt thëñ mækës thë rëqµëstëð çhæñgë","github.copilot.walkthrough.inlineChatNotMac.title":"Üsë ñætµræl læñgµægë ïñ ÿøµr fïlës","github.copilot.walkthrough.panelChat.description":"Æsk Çøpïløt prøgræmmïñg qµëstïøñs ør gët hëlp wïth ÿøµr çøðë µsïñg **@wørkspæçë**.\n Tÿpë **@** tø sëë æll ævæïlæþlë çhæt pærtïçïpæñts thæt ÿøµ çæñ çhæt wïth ðïrëçtlÿ, ëæçh wïth thëïr øwñ ëxpërtïsë.\n[Çhæt wïth Çøpïløt](çømmæñð:wørkþëñçh.æçtïøñ.çhæt.øpëñ?%7ß%22møðë%22%3Æ%22æsk%22%7Ð)","github.copilot.walkthrough.panelChat.media.altText":"Thë µsër ïñvøkës @wørkspæçë ïñ thë Çøpïløt Çhæt pæñël ïñ thë sëçøñðærÿ sïðëþær tø µñðërstæñð thë çøðë þæsë. Çøpïløt rëtrïëvës thë rëlëvæñt ïñførmætïøñ æñð prøvïðës æ rëspøñsë wïth lïñks tø thë fïlës","github.copilot.walkthrough.panelChat.title":"Çhæt æþøµt ÿøµr çøðë","github.copilot.walkthrough.setup.noAction.description":"Ýøµ çæñ µsë Çøpïløt tø gëñërætë çøðë æçrøss mµltïplë fïlës, fïx ërrørs, æsk qµëstïøñs æþøµt ÿøµr çøðë æñð mµçh mørë µsïñg ñætµræl læñgµægë.\n Wë ñøw øffër [Çøpïløt før frëë](https://gïthµþ.çøm/fëætµrës/çøpïløt/plæñs) wïth ÿøµr GïtHµþ æççøµñt.","github.copilot.walkthrough.setup.signIn.description":"Ýøµ çæñ µsë Çøpïløt tø gëñërætë çøðë æçrøss mµltïplë fïlës, fïx ërrørs, æsk qµëstïøñs æþøµt ÿøµr çøðë æñð mµçh mørë µsïñg ñætµræl læñgµægë.\n Wë ñøw øffër [Çøpïløt før frëë](https://gïthµþ.çøm/fëætµrës/çøpïløt/plæñs) wïth ÿøµr GïtHµþ æççøµñt.\n\n[Üsë Çøpïløt før Frëë](çømmæñð:wørkþëñçh.æçtïøñ.çhæt.trïggër§ëtµp)","github.copilot.walkthrough.setup.signIn.title":"§ïgñ ïñ tø µsë Çøpïløt før frëë","github.copilot.walkthrough.setup.signUp.description":"Ýøµ çæñ µsë Çøpïløt tø gëñërætë çøðë æçrøss mµltïplë fïlës, fïx ërrørs, æsk qµëstïøñs æþøµt ÿøµr çøðë æñð mµçh mørë µsïñg ñætµræl læñgµægë.\n Wë ñøw øffër [Çøpïløt før frëë](https://gïthµþ.çøm/fëætµrës/çøpïløt/plæñs) wïth ÿøµr GïtHµþ æççøµñt.\n\n[Üsë Çøpïløt før Frëë](çømmæñð:wørkþëñçh.æçtïøñ.çhæt.trïggër§ëtµp)","github.copilot.walkthrough.setup.signUp.title":"Gët stærtëð wïth Çøpïløt før frëë","github.copilot.walkthrough.signIn.description":"Tø gët stærtëð wïth Çøpïløt, sïgñ ïñ wïth ÿøµr GïtHµþ æççøµñt.\nMækë sµrë ÿøµ'rë µsïñg thë çørrëçt GïtHµþ æççøµñt. Ýøµ çæñ ælsø sïgñ ïñ lætër µsïñg thë æççøµñt mëñµ.\n\n[§ïgñ Ïñ](çømmæñð:gïthµþ.çøpïløt.sïgñÏñ)","github.copilot.walkthrough.signIn.media.altText":"§ïgñ ïñ tø GïtHµþ vïæ thïs wælkthrøµgh ør V§ Çøðë's æççøµñt mëñµ","github.copilot.walkthrough.signIn.title":"§ïgñ ïñ wïth GïtHµþ","github.copilot.walkthrough.sparkle.description":"Çøpïløt ëñhæñçës ÿøµr çøðïñg ëxpërïëñçë wïth ÆÏ-pøwërëð smært æçtïøñs thrøµghøµt thë V§ Çøðë ïñtërfæçë.\n£øøk før $(spærklë) ïçøñs, sµçh æs ïñ thë [§øµrçë Çøñtrøl vïëw](çømmæñð:wørkþëñçh.vïëw.sçm), whërë Çøpïløt gëñërætës çømmït mëssægës æñð PR ðësçrïptïøñs þæsëð øñ çøðë çhæñgës.\n\n[Ðïsçøvër Tïps æñð Trïçks](https://çøðë.vïsµælstµðïø.çøm/ðøçs/çøpïløt/çøpïløt-vsçøðë-fëætµrës)","github.copilot.walkthrough.sparkle.media.altText":"Thë vïðëø shøws thë spærklë ïçøñ ïñ thë søµrçë çøñtrøl ïñpµt þøx þëïñg çlïçkëð, trïggërïñg GïtHµþ Çøpïløt tø gëñërætë æ çømmït mëssægë æµtømætïçællÿ","github.copilot.walkthrough.sparkle.title":"£øøk øµt før smært æçtïøñs","github.copilot.walkthrough.title":"GïtHµþ Çøpïløt"}
