{"copilot.agent.description":"Редактирование файлов в рабочей области в режиме агента","copilot.codebase.tool.description":"Найдите соответствующие фрагменты файлов, символы и другую информацию в вашей базе кода","copilot.description":"Спросить Copilot","copilot.edits.description":"Редактируйте файлы в рабочей области","copilot.listCodeUsages.tool.description":"Найдите ссылки, определения и другие применения символа","copilot.terminal.description":"Спросить Copilot","copilot.terminal.explain.description":"Объяснить что-то в терминале","copilot.terminal.explain.sampleRequest":"Объяснить последнюю команду","copilot.terminal.sampleRequest":"Как просмотреть все файлы в каталоге, включая вложенные каталоги?","copilot.terminalPanel.description":"Спросите, как выполнить определенную операцию в терминале","copilot.testFailure.tool.description":"Включает информацию о последнем неудачном тестировании единиц","copilot.toolSet.editing.description":"Редактируйте файлы в рабочей области","copilot.toolSet.new.description":"Формирование шаблона для новой рабочей области в VS Code","copilot.toolSet.runCommand.description":"Запуск команд в терминале","copilot.toolSet.runNotebook.description":"Запуск ячеек записной книжки","copilot.toolSet.runTasks.description":"Запуск задач в вашей рабочей области","copilot.toolSet.search.description":"Поиск и чтение файлов в рабочей области","copilot.tools.applyPatch.description":"Изменить текстовые файлы в рабочей области","copilot.tools.applyPatch.name":"Применить исправление","copilot.tools.changes.description":"Получить различия измененных файлов","copilot.tools.createDirectory.name":"Создать каталог","copilot.tools.createFile.name":"Создать файл","copilot.tools.editNotebook.name":"Изменить Notebook","copilot.tools.errors.description":"Проверить ошибки для определенного файла","copilot.tools.fetchWebPage.description":"Получение основного содержимого с веб-страницы. Необходимо указать URL-адрес страницы, которую нужно получить.","copilot.tools.fetchWebPage.name":"Получить веб-страницу","copilot.tools.findFiles.name":"Поиск файлов","copilot.tools.findTestFiles.description":"Для файла исходного кода найдите файл, содержащий тесты. Для тестового файла найдите файл, содержащий тестируемый код","copilot.tools.findTestFiles.name":"Поиск тестовых файлов","copilot.tools.findTextInFiles.name":"Поиск текста в файлах","copilot.tools.getChangedFiles.name":"Изменения Git","copilot.tools.getDocInfo.description":"Найдите сведения о способах документирования для символа типа класса или функции","copilot.tools.getDocInfo.name":"Сведения о документе","copilot.tools.getErrors.name":"Получить проблемы","copilot.tools.getNotebookCellOutput.description":"Чтение выходных данных ранее выполненной ячейки","copilot.tools.getNotebookCellOutput.name":"Получить выходные данные ячейки записной книжки","copilot.tools.getTerminalOutput.name":"Получить выходные данные терминала","copilot.tools.getVSCodeAPI.name":"Получить ссылки на API VS Code","copilot.tools.insertEdit.name":"Изменить файл","copilot.tools.listCodeUsages.name":"Поиск использований","copilot.tools.listDirectory.name":"Список каталогов","copilot.tools.newJupyterNotebook.description":"Создание новой записной книжки Jupyter Notebook","copilot.tools.openSimpleBrowser.description":"Предварительный просмотр локально размещенного веб-сайта в Simple Browser","copilot.tools.openSimpleBrowser.name":"Открыть простой браузер","copilot.tools.readFile.name":"Чтение файла","copilot.tools.readProjectStructure.name":"Структура проекта","copilot.tools.replaceString.name":"Заменить строку в файле","copilot.tools.runInTerminal.name":"Запустить в терминале","copilot.tools.runNotebookCell.description":"Запустить выполнение ячейки в файле записной книжки","copilot.tools.runNotebookCell.name":"Выполнение ячейки Notebook","copilot.tools.runTests.name":"Запуск тестов","copilot.tools.searchCodebase.name":"База кода","copilot.tools.searchWorkspaceSymbols.name":"Символы рабочей области","copilot.tools.testFailure.name":"Сбой теста","copilot.tools.think.name":"Думать","copilot.tools.updateUserPreferences.name":"Обновить параметры пользователя","copilot.vscode.api.description":"Спросите про разработку расширений VS Code","copilot.vscode.api.sampleRequest":"Как добавить текст в строку состояния?","copilot.vscode.description":"Задавайте вопросы о VS Code","copilot.vscode.sampleRequest":"Какая команда открывает встроенный терминал?","copilot.vscode.search.description":"Создать параметры запроса для поиска в рабочей области","copilot.vscode.search.sampleRequest":"Поиск \"foo\" во всех файлах в моем каталоге \"src\"","copilot.vscode.setupTests.description":"Настройка тестов в проекте (экспериментальная функция)","copilot.vscode.setupTests.sampleRequest":"добавить тесты Playwright в мой проект","copilot.vscode.startDebugging.description":"Создайте конфигурацию запуска и начните отладку в VS Code (экспериментальная функция)","copilot.vscode.startDebugging.sampleRequest":"Подключение к приложению узла через порт 9229","copilot.vscode.tool.description":"Используйте ссылки API VS Code для ответа на вопросы о разработке расширений VS Code.","copilot.workspace.description":"Задавайте вопросы о рабочей области","copilot.workspace.doc.description":"Добавить комментарий к документации для этого символа","copilot.workspace.edit.description":"Редактируйте файлы в рабочей области","copilot.workspace.edit.inline.description":"Изменить выбранный код в активном редакторе","copilot.workspace.explain.description":"Объясните, как работает код в активном редакторе","copilot.workspace.fix.description":"Внесите предложение по исправлению проблем в выбранном коде","copilot.workspace.fix.sampleRequest":"В этом коде есть проблема. Переписать код, чтобы отобразить его с исправленной ошибкой.","copilot.workspace.generate.description":"Создать новый код","copilot.workspace.new.description":"Код шаблона для нового файла или проекта в рабочей области","copilot.workspace.new.sampleRequest":"Создание сервера API RESTful с помощью TypeScript","copilot.workspace.newNotebook.description":"Создание новой записной книжки Jupyter Notebook","copilot.workspace.newNotebook.sampleRequest":"Как создать записную книжку для загрузки данных из CSV-файла?","copilot.workspace.review.description":"Проверка выбранного кода в активном редакторе","copilot.workspace.sampleRequest":"Как создать этот проект?","copilot.workspace.semanticSearch.description":"Найдите соответствующий код для запроса","copilot.workspace.semanticSearch.sampleRequest":"Где находится код панели инструментов?","copilot.workspace.tests.description":"Сгенерируйте модульные тесты для выбранного кода","copilot.workspaceSymbols.tool.description":"Поиск символов рабочей области с помощью языковых служб.","github.copilot.badge.signUp":"Зарегистрируйтесь для использования GitHub Copilot","github.copilot.badge.star":"Пометить звездочкой Copilot на GitHub","github.copilot.badge.twitter":"Подписаться на GitHub в Twitter","github.copilot.badge.youtube":"Ознакомьтесь с GitHub на YouTube","github.copilot.chat.completionContext.typescript.mode":"Режим выполнения поставщика контекста TypeScript Copilot.","github.copilot.chat.copilotDebugCommand.enabled":"Включена ли в терминале команда \"copilot-debug\".","github.copilot.chat.editor.temporalContext.enabled":"При выполнении запроса на включение в встроенный чат недавно просмотренного и измененного файлов с запросами Copilot.","github.copilot.chat.edits.suggestRelatedFilesForTests":"Следует ли предлагать исходные файлы из тестовых файлов для рабочего набора \"Изменения Copilot\".","github.copilot.chat.edits.temporalContext.enabled":"При внесении изменений запрашивается, следует ли включать недавно просмотренный и измененный файлы с запросами Copilot.","github.copilot.chat.languageContext.fix.typescript.enabled":"Включает поставщик контекста языка TypeScript для команд /fix","github.copilot.chat.languageContext.inline.typescript.enabled":"Включает поставщик контекста языка TypeScript для встроенных чатов (как для создания, так и для редактирования)","github.copilot.chat.languageContext.typescript.cacheTimeout":"Время ожидания заполнения кэша для поставщика контекста языка TypeScript, в миллисекундах. Значение по умолчанию — 500 миллисекунд.","github.copilot.chat.languageContext.typescript.enabled":"Включает поставщик контекста языка TypeScript для встроенных завершений","github.copilot.command.applyReviewSuggestion":"Применить","github.copilot.command.applyReviewSuggestionAndNext":"Применить и перейти к следующему","github.copilot.command.applySuggestionWithCopilot":"Применить предложение с Copilot","github.copilot.command.attachTerminalSelection":"Добавить выбор терминала в чат","github.copilot.command.buildLocalWorkspaceIndex":"Создать индекс локальной рабочей области","github.copilot.command.buildRemoteWorkspaceIndex":"Создание индекса удаленной рабочей области","github.copilot.command.collectDiagnostics":"Диагностика чата GitHub Copilot","github.copilot.command.collectWorkspaceIndexDiagnostics":"Сбор диагностики индекса рабочего пространства","github.copilot.command.continueReviewInChat":"Просмотреть на панели чата","github.copilot.command.continueReviewInInlineChat":"Отменить и скопировать во встроенный чат","github.copilot.command.discardAllReviewSuggestion":"Отменить все","github.copilot.command.discardReviewSuggestion":"Отменить","github.copilot.command.discardReviewSuggestionAndNext":"Отменить и перейти к следующему","github.copilot.command.explainTerminalLastCommand":"Объяснить последнюю команду терминала","github.copilot.command.explainTerminalSelection":"Объяснение выбора терминала","github.copilot.command.explainTerminalSelectionContextMenu":"Объяснить","github.copilot.command.explainThis":"Объяснить","github.copilot.command.fixTestFailure":"Устранение ошибки теста","github.copilot.command.fixThis":"Исправить","github.copilot.command.generateConfiguration":"Создание конфигурации отладки с помощью GitHub Copilot","github.copilot.command.generateDocs":"Создать документы","github.copilot.command.generateSTest":"Сгенерировать STest из последнего запроса чата","github.copilot.command.generateTests":"Создать тесты","github.copilot.command.generateThis":"Создать","github.copilot.command.gotoNextReviewSuggestion":"Следующее предложение","github.copilot.command.gotoPreviousReviewSuggestion":"Предыдущее предложение","github.copilot.command.helpfulReviewSuggestion":"Полезно","github.copilot.command.logWorkbenchState":"Состояние рабочей среды журнала","github.copilot.command.openUserPreferences":"Открыть параметры пользователя","github.copilot.command.openWalkthrough":"Открыть пошаговое руководство","github.copilot.command.rerunWithCopilotDebug":"Отладка последней команды терминала","github.copilot.command.reviewAndComment":"Проверка и комментирование","github.copilot.command.reviewChanges":"Проверка кода Copilot — незафиксированные изменения","github.copilot.command.reviewChanges.cancel":"Проверка кода Copilot — отмена","github.copilot.command.reviewStagedChanges":"Проверка кода Copilot — поэтапные изменения","github.copilot.command.reviewUnstagedChanges":"Проверка кода Copilot — неотредактированные изменения","github.copilot.command.sendChatFeedback":"Отправить отзыв о чате","github.copilot.command.showNotebookLog":"Показать записную книжку журнала чата","github.copilot.command.unhelpfulReviewSuggestion":"Бесполезно","github.copilot.config.agent.currentEditorContext.enabled":"Если включено, Copilot будет добавлять имя текущего активного редактора в контекст для режима агента.","github.copilot.config.agent.runTasks":"Определяет, может ли Copilot Edits выполнять задачи рабочей области в режиме агента.","github.copilot.config.agent.thinkingTool":"Включает инструмент мышления, который позволяет Copilot глубоко анализировать ваш запрос перед генерацией ответа в режиме агента.","github.copilot.config.autoFix":"Автоматически исправлять диагностику для измененных файлов.","github.copilot.config.byok.ollamaEndpoint":"Конечная точка, используемая для Ollama при доступе с помощью собственного ключа. По умолчанию используется localhost.","github.copilot.config.codeGeneration.instruction.file":"Путь к файлу, который будет добавлен в запросы Copilot, генерирующие код. При желании можно указать язык инструкции.","github.copilot.config.codeGeneration.instruction.text":"Текстовая инструкция, которая будет добавлена ​​к запросам Copilot, генерирующим код. При желании можно указать язык инструкции.","github.copilot.config.codeGeneration.instructions":"Набор инструкций, которые будут добавлены к запросам Copilot, генерирующим код.\nИнструкции можно предоставлять в следующем виде: \n- файл в рабочей области: `{ \"file\": \"fileName\" }`\n- текст на естественном языке: `{ \"text\": \"Use underscore for field names.\" }`\n\nПримечание. Инструкции должны быть краткими и точными. Плохие инструкции могут ухудшить качество результатов и производительность Copilot.","github.copilot.config.codeGeneration.useInstructionFiles":"Управляет добавлением инструкций кода из \".github/copilot-instructions.md\" в запросы Copilot.\n\nПримечание. Инструкции должны быть краткими и точными. Плохие инструкции могут ухудшить качество результатов и производительность Copilot. [Подробнее](https://aka.ms/github-copilot-custom-instructions) о настройке Copilot.","github.copilot.config.codesearch.enabled":"Следует ли включить поиск кодов агентов при использовании \"#codebase\".","github.copilot.config.commitMessageGeneration.instruction.file":"Путь к файлу с инструкциями, которые будут добавлены в запросы Copilot, генерирующие сообщения о фиксации.","github.copilot.config.commitMessageGeneration.instruction.text":"Текстовые инструкции, которые будут добавлены к запросам Copilot, генерирующим сообщения о фиксации.","github.copilot.config.commitMessageGeneration.instructions":"Набор инструкций, которые будут добавлены к запросам Copilot, генерирующим сообщения о фиксации.\nИнструкции можно предоставлять в следующем виде: \n- файл в рабочей области: \"{ \"file\": \"fileName\" }\"\n- текст на естественном языке: `{ \"text\": \"Use conventional commit message format.\" }`\n\nПримечание. Инструкции должны быть краткими и точными. Плохие инструкции могут ухудшить качество результатов и производительность Copilot.","github.copilot.config.debugTerminalCommandPatterns":"Список команд, для которых следует показывать действие быстрого исправления \"команды отладки\" в терминале отладки.","github.copilot.config.debugTerminalCommands":"Следует ли применять подсказки быстрые исправлений в терминале отладки и в команде \"copilot-debug\".","github.copilot.config.edits.codesearch.enabled":"Этот параметр больше не рекомендуется к использованию. Используйте вместо него \"#github.copilot.chat.codesearch.enabled#\".","github.copilot.config.edits.enabled":"Следует ли включить функцию правок Copilot.","github.copilot.config.edits.suggestRelatedFilesFromGitHistory":"Следует ли предлагать связанные файлы из журнала Git для рабочего набора \"Изменения Copilot\".","github.copilot.config.editsNewNotebook.enabled":"Включить ли новый инструмент записной книжки в Copilot Edits.","github.copilot.config.enableCodeActions":"Управляет отображением команд Copilot в виде действий кода, если они доступны.","github.copilot.config.enableUserPreferences":"Включить запоминание параметров пользователя в режиме агента.","github.copilot.config.experimental.testGeneration.instruction.file":"Путь к файлу, который будет добавлен в запросы Copilot, генерирующие тесты. При желании можно указать язык инструкции.","github.copilot.config.experimental.testGeneration.instruction.text":"Текстовая инструкция, которая будет добавлена ​​в запросы Copilot, генерирующие тесты. При желании можно указать язык инструкции.","github.copilot.config.generateTests.codeLens":"Отображение группы связанных элементов кода \"Создать тесты\" для символов, на которые не распространяется текущая информация об охвате теста.","github.copilot.config.localeOverride":"Выберите язык, на котором хотите получать ответы Copilot, например \"en\" или \"fr\". По умолчанию Copilot будет отвечать на выбранном языке интерфейса VS Code.","github.copilot.config.newWorkspaceCreation.enabled":"Нужно ли включить создание агентной рабочей области.","github.copilot.config.notebook.followCellExecution":"Управляет тем, будет ли выполняемая ячейка отображаться в окне просмотра при выполнении из Copilot.","github.copilot.config.pullRequestDescriptionGeneration.instruction.file":"Путь к файлу с инструкциями, которые будут добавлены в запросы Copilot, которые генерируют заголовки и описания запросов на вытягивание.","github.copilot.config.pullRequestDescriptionGeneration.instruction.text":"Текстовые инструкции, которые будут добавлены в запросы Copilot, которые генерируют заголовки и описания запросов на вытягивание.","github.copilot.config.pullRequestDescriptionGeneration.instructions":"Набор инструкций, которые будут добавлены к запросам Copilot, генерирующим названия и описания запросов на вытягивание\nИнструкции можно предоставлять в следующем виде: \n— файл в рабочей области: `{ \"file\": \"fileName\" }`\n— текст на естественном языке: `{ \"text\": \"Always include a list of key changes.\" }`\n\nПримечание. Инструкции должны быть краткими и точными. Плохие инструкции могут ухудшить качество результатов и производительность Copilot.","github.copilot.config.renameSuggestions.triggerAutomatically":"Управляет тем, будет ли Copilot генерировать рекомендации по переименованию","github.copilot.config.reviewSelection.enabled":"Включает проверку кода для текущего выделенного фрагмента.","github.copilot.config.reviewSelection.instruction.file":"Путь к файлу, который будет добавлена в запросы Copilot, предоставляющие проверку выделенного на данный момент фрагмента кода. При желании можно указать язык инструкции.","github.copilot.config.reviewSelection.instruction.text":"Текстовая инструкция, которая будет добавлена в запросы Copilot, предоставляющие проверку выделенного на данный момент фрагмента кода. При желании можно указать язык инструкции.","github.copilot.config.reviewSelection.instructions":"Набор инструкций, который будет добавлен в запросы Copilot, предоставляющие проверку выделенного на данный момент фрагмента кода.\nИнструкции можно предоставлять в следующем виде: \n- файл в рабочей области: `{ \"file\": \"fileName\" }`\n- текст на естественном языке: `{ \"text\": \"Use underscore for field names.\" }`\n\nПримечание. Инструкции должны быть краткими и точными. Плохо составленные инструкции могут снизить эффективность работы Copilot.","github.copilot.config.scopeSelection":"Следует ли предлагать пользователю выбрать определенную область символов, если пользователь использует \"/explain\", а в активном редакторе отсутствует выбор.","github.copilot.config.setupTests.enabled":"Включает намерение \"/setupTests\" и запросы при генерации \"/tests\".","github.copilot.config.startDebugging.enabled":"Включает намерение \"/startDebugging\" в панельном чате. Создает конфигурацию запуска или выполняет ее поиск в соответствии с запросом (если таковой имеется), структурой проекта и т. д.","github.copilot.config.summarizeAgentConversationHistory.enabled":"Следует ли автоматически резюмировать журнал бесед агента после заполнения окна контекста.","github.copilot.config.terminalChatLocation":"Определяет, где следует открывать запросы чата из терминала.","github.copilot.config.terminalChatLocation.chatView":"Откройте представление чата.","github.copilot.config.terminalChatLocation.quickChat":"Откройте быстрый чат.","github.copilot.config.terminalChatLocation.terminal":"Открыть встроенный чат терминала","github.copilot.config.testGeneration.instructions":"Набор инструкций, которые будут добавлены в запросы Copilot, генерирующие тесты.\nИнструкции можно предоставлять в следующем виде: \n- файл в рабочей области: \"{ \"file\": \"fileName\" }\"\n- текст на естественном языке: \"{ \"text\": \"Use underscore for field names.\" }\"\n\nПримечание. Инструкции должны быть краткими и точными. Плохие инструкции могут ухудшить качество результатов и производительность Copilot.","github.copilot.config.useProjectTemplates":"Использовать соответствующие проекты GitHub в качестве начальных проектов при использовании \"/new\"","github.copilot.devcontainer.generateDevContainerConfig":"Создание конфигурации контейнера разработки с помощью Copilot","github.copilot.git.generateCommitMessage":"Создать сообщение фиксации с помощью Copilot","github.copilot.icon":"Значок GitHub Copilot","github.copilot.nextEditSuggestions.enabled":"Включить ли функцию \"Предложения по следующим правкам\" (NES).\n\nNES может предложить следующую правку на основе ваших последних изменений. [Подробнее](https://aka.ms/vscode-nes) о предложениях по следующим правкам.","github.copilot.nextEditSuggestions.fixes":"Предлагать ли исправления для диагностики с помощью предложений по следующим правкам (NES).","github.copilot.resetAutomaticCommandExecutionPrompt":"Сброс запроса на автоматическое выполнение команд","github.copilot.submenu.copilot.label":"Copilot","github.copilot.submenu.reviewComment.applyAndNext.label":"Применить и перейти к следующему","github.copilot.submenu.reviewComment.discard.label":"Отменить","github.copilot.submenu.reviewComment.discardAndNext.label":"Отменить и перейти к следующему","github.copilot.tools.createAndRunTask.description":"Создать и запустить задачу в рабочей области","github.copilot.tools.createAndRunTask.name":"Создать и запустить задачу","github.copilot.tools.createAndRunTask.userDescription":"Создать и запустить задачу в рабочей области","github.copilot.tools.createNewWorkspace.name":"Создать рабочую область","github.copilot.tools.createNewWorkspace.userDescription":"Формирование шаблона для новой рабочей области в VS Code","github.copilot.tools.getProjectSetupInfo.name":"Получить сведения о настройке проекта","github.copilot.tools.githubRepo.name":"Поиск в репозитории GitHub","github.copilot.tools.githubRepo.userDescription":"Выполняет поиск соответствующих фрагментов исходного кода в репозитории GitHub. Вы можете указать репозиторий, используя \"owner/repo\"","github.copilot.tools.openEmptyFolder.name":"Открыть пустую папку в качестве рабочей области VS Code","github.copilot.tools.searchResults.description":"Результаты из представления поиска","github.copilot.tools.searchResults.name":"Представление результатов поиска","github.copilot.tools.terminalLastCommand.description":"Последнее выполнение команды активного терминала","github.copilot.tools.terminalLastCommand.name":"Последняя команда терминала","github.copilot.tools.terminalSelection.description":"Выбор активного терминала","github.copilot.tools.terminalSelection.name":"Выбор терминала","github.copilot.viewsWelcome.chatDisabled":"Чат GitHub Copilot отключен для вашей учетной записи администратором организации. Обратитесь к администратору организации, чтобы включить чат.\n\n[Подробнее](https://docs.github.com/en/copilot/managing-copilot/managing-github-copilot-in-your-organization/managing-github-copilot-features-in-your-organization/managing-policies-for-copilot-in-your-organization)","github.copilot.viewsWelcome.contactSupport":"Похоже, возникла проблема с этой учетной записью. Обратитесь в службу поддержки GitHub.\n\n[Обратиться в службу поддержки](https://support.github.com/?editor=vscode)","github.copilot.viewsWelcome.debug":"GitHub Copilot Чат поможет начать отладку на основе команды [терминала](command:github.copilot.chat.startCopilotDebugCommand) или [чата](command:workbench.action.chat.open?%7B%22query%22%3A%22%40vscode%20%2FstartDebugging%20%22%2C%22isPartialQuery%22%3Atrue%7D).","github.copilot.viewsWelcome.enterprise":"Обратитесь к администратору организации GitHub, чтобы включить Copilot.","github.copilot.viewsWelcome.individual.expired":"Срок действия вашей подписки Copilot истек.\n\n[Просмотреть параметры Copilot](https://github.com/settings/copilot?editor=vscode)","github.copilot.viewsWelcome.offline":"Вы не подключены к Интернету. Подключитесь к Интернету, чтобы использовать GitHub Copilot.\n\n[Повторить подключение](command:github.copilot.refreshToken)","github.copilot.viewsWelcome.signIn":"Войдите, чтобы использовать функции ИИ Copilot.\n\n[Войдите, чтобы использовать Copilot](command:workbench.action.chat.triggerSetup)","github.copilot.viewsWelcome.switchToReleaseChannel":"Предварительная версия расширения GitHub Copilot Chat в настоящее время не поддерживается в стабильной версии VS Code. Переключитесь на версию выпуска для GitHub Copilot Chat или попробуйте версию для участников программы предварительной оценки VS Code Insiders.\n\n[Переключиться на версию выпуска и перезагрузить](command:runCommands?%7B%22commands%22%3A%5B%7B%22command%22%3A%22workbench.extensions.action.switchToRelease%22%2C%22args%22%3A%5B%22GitHub.copilot-chat%22%5D%7D%2C%22workbench.action.reloadWindow%22%5D%7D)\n\n[Переключиться на версию для участников программы предварительной оценки VS Code Insiders](https://aka.ms/vscode-insiders)","github.copilot.walkthrough.description":"Ваш программный разработчик для связывания ИИ, для более быстрого и интеллектуального написания кода","github.copilot.walkthrough.edits.description":"Используйте **Copilot Edits**, чтобы выбрать файлы, с которыми вы хотите работать, и описать изменения, которые вы хотите внести. Copilot применяет их непосредственно к файлам.\n[Изменить с помощью с Copilot](command:workbench.action.chat.open?%7B%22mode%22%3A%22edit%22%7D)","github.copilot.walkthrough.edits.media.altText":"В видео показано, как пользователь перетаскивает файлы в поле ввода Copilot Edits, расположенном на дополнительной боковой панели. Copilot затем обновляет файл в соответствии с запросом пользователя","github.copilot.walkthrough.edits.title":"Вносите изменения на естественном языке","github.copilot.walkthrough.firstSuggest.description":"Во время ввода текста в редакторе Copilot предлагает код для завершения вводимого вами кода.","github.copilot.walkthrough.firstSuggest.media.altText":"В видео показаны различные завершения Copilot, где Copilot предлагает код, чтобы помочь пользователю завершить его код","github.copilot.walkthrough.firstSuggest.title":"Завершения кода, предлагаемые ИИ","github.copilot.walkthrough.inlineChatMac.description":"Иногда проще описать код, который вы хотите написать, непосредственно в файле.\nПоместите курсор в файл или выберите код и используйте команду **\"CMD+I\"**, чтобы открыть **Встроенный чат**.","github.copilot.walkthrough.inlineChatMac.media.altText":"В видео показано, как пользователь вызывает мини-приложение встроенного чата и просит Copilot внести изменения в файл с использованием естественного языка. Copilot затем выполняет запрошенное изменение","github.copilot.walkthrough.inlineChatMac.title":"Использовать естественный язык в файлах","github.copilot.walkthrough.inlineChatNotMac.description":"Иногда проще описать код, который вы хотите написать, непосредственно в файле.\nПоместите курсор в файл или выберите код и используйте команду **\"CTRL+I\"**, чтобы открыть **Встроенный чат**.","github.copilot.walkthrough.inlineChatNotMac.media.altText":"Представление встроенного чата в редакторе. В видео показано, как пользователь вызывает мини-приложение встроенного чата и просит Copilot внести изменения в файл с использованием естественного языка. Copilot затем выполняет запрошенное изменение","github.copilot.walkthrough.inlineChatNotMac.title":"Использовать естественный язык в файлах","github.copilot.walkthrough.panelChat.description":"Задайте вопросы по программированию Copilot или получите справку по коду с помощью **@workspace**.\n Введите \"@\", чтобы просмотреть всех доступных участников чата, с которыми вы можете общаться напрямую. Каждый из этих участников обладает собственным опытом.\n[Чат с Copilot](command:workbench.action.chat.open?%7B%22mode%22%3A%22ask%22%7D)","github.copilot.walkthrough.panelChat.media.altText":"Пользователь вызывает @рабочую область в панели Copilot Chat на дополнительной боковой панели, чтобы понять базу кода. Copilot получает соответствующую информацию и предоставляет ответ со ссылками на файлы","github.copilot.walkthrough.panelChat.title":"Задавайте вопросы в чате о своем коде","github.copilot.walkthrough.setup.noAction.description":"С помощью Copilot можно создавать код для нескольких файлов, исправлять ошибки, задавать вопросы о коде и многое другое на естественном языке.\n Теперь мы предлагаем [Copilot бесплатно](https://github.com/features/copilot/plans) с учетной записью GitHub.","github.copilot.walkthrough.setup.signIn.description":"С помощью Copilot можно создавать код для нескольких файлов, исправлять ошибки, задавать вопросы о коде и многое другое на естественном языке.\n Теперь мы предлагаем [Copilot бесплатно](https://github.com/features/copilot/plans) с учетной записью GitHub.\n\n[Использовать Copilot бесплатно](command:workbench.action.chat.triggerSetup)","github.copilot.walkthrough.setup.signIn.title":"Войдите для использования бесплатного Copilot","github.copilot.walkthrough.setup.signUp.description":"С помощью Copilot можно создавать код для нескольких файлов, исправлять ошибки, задавать вопросы о коде и многое другое на естественном языке.\n Теперь мы предлагаем [Copilot бесплатно](https://github.com/features/copilot/plans) с учетной записью GitHub.\n\n[Использовать Copilot бесплатно](command:workbench.action.chat.triggerSetup)","github.copilot.walkthrough.setup.signUp.title":"Начните работу с Copilot бесплатно","github.copilot.walkthrough.signIn.description":"Чтобы начать работу с Copilot, войдите в свою учетную запись GitHub.\nУбедитесь, что вы используете правильную учетную запись GitHub. Вы также можете войти в систему позже, используя меню учетной записи.\n\n[Войти](command:github.copilot.signIn)","github.copilot.walkthrough.signIn.media.altText":"Войдите в GitHub с помощью этого пошагового руководства или через меню учетной записи VS Code.","github.copilot.walkthrough.signIn.title":"Войти по учетным данным GitHub","github.copilot.walkthrough.sparkle.description":"Copilot расширяет возможности программирования с помощью интеллектуальных действий на основе ИИ в интерфейсе VS Code.\nНайдите значки $(sparkle), например, в [представлении системы управления версиями](command:workbench.view.scm), где Copilot создает сообщения фиксации и описания запросов на вытягивание на основе изменений кода.\n\n[Откройте для себя советы и приемы](https://code.visualstudio.com/docs/copilot/copilot-vscode-features)","github.copilot.walkthrough.sparkle.media.altText":"В видео показано нажатие значка с искрами в поле ввода системы управления версиями, в результате чего GitHub Copilot автоматически создает сообщение фиксации","github.copilot.walkthrough.sparkle.title":"Ищите интеллектуальные действия","github.copilot.walkthrough.title":"GitHub Copilot"}
