{"copilot.agent.description":"エージェント モードでワークスペース内のファイルを編集します","copilot.codebase.tool.description":"コードベース内の関連するファイル チャンク、シンボル、その他の情報を見つけます","copilot.description":"Copilot に質問します","copilot.edits.description":"ワークスペース内のファイルを編集します","copilot.listCodeUsages.tool.description":"シンボルの参照、定義、その他の使用を検索します","copilot.terminal.description":"Copilot に依頼します","copilot.terminal.explain.description":"ターミナルで何か説明する","copilot.terminal.explain.sampleRequest":"最後のコマンドを説明する","copilot.terminal.sampleRequest":"サブディレクトリを含むディレクトリ内で、すべてのファイルを表示にはどうすればよいですか?","copilot.terminalPanel.description":"ターミナルで何かを行う方法を確認する","copilot.testFailure.tool.description":"前回の単体テストの失敗に関する情報が含まれています","copilot.toolSet.editing.description":"ワークスペース内のファイルを編集します","copilot.toolSet.new.description":"VS Code で新しいワークスペースをスキャフォールディングします","copilot.toolSet.runCommand.description":"ターミナルでコマンドを実行します","copilot.toolSet.runNotebook.description":"ノートブック セルを実行します","copilot.toolSet.runTasks.description":"ワークスペースでタスクを実行します","copilot.toolSet.search.description":"ワークスペース内のファイルの検索と読み取り","copilot.tools.applyPatch.description":"ワークスペース内のテキストファイルを編集します","copilot.tools.applyPatch.name":"パッチの適用","copilot.tools.changes.description":"変更されたファイルの差分を取得します","copilot.tools.createDirectory.name":"ディレクトリの作成","copilot.tools.createFile.name":"ファイルの作成","copilot.tools.editNotebook.name":"ノートブックの編集","copilot.tools.errors.description":"特定のファイルのエラーを確認します","copilot.tools.fetchWebPage.description":"Web ページからメイン コンテンツをフェッチします。フェッチするページの URL を含める必要があります。","copilot.tools.fetchWebPage.name":"Web ページのフェッチ","copilot.tools.findFiles.name":"ファイルの検索","copilot.tools.findTestFiles.description":"ソース コード ファイルの場合は、テストを含むファイルを検索します。テスト ファイルの場合は、テスト対象のコードを含むファイルを検索します","copilot.tools.findTestFiles.name":"テストファイルの検索","copilot.tools.findTextInFiles.name":"ファイル内のテキストの検索","copilot.tools.getChangedFiles.name":"Git 変更","copilot.tools.getDocInfo.description":"クラスや関数などのシンボルの場合は、それをドキュメント化する方法に関する情報を検索します","copilot.tools.getDocInfo.name":"ドキュメント情報","copilot.tools.getErrors.name":"問題の取得","copilot.tools.getNotebookCellOutput.description":"以前に実行されたセルの出力を読み取ります","copilot.tools.getNotebookCellOutput.name":"ノートブックセルの出力を取得","copilot.tools.getTerminalOutput.name":"ターミナル出力の取得","copilot.tools.getVSCodeAPI.name":"VS Code API 参照の取得","copilot.tools.insertEdit.name":"ファイルの編集","copilot.tools.listCodeUsages.name":"使用状況の検索","copilot.tools.listDirectory.name":"ディレクトリの一覧表示","copilot.tools.newJupyterNotebook.description":"新しい Jupyter Notebook を作成する","copilot.tools.openSimpleBrowser.description":"Simple Browser でローカルでホストされている Web サイトをプレビューします","copilot.tools.openSimpleBrowser.name":"シンプル ブラウザーの開く","copilot.tools.readFile.name":"ファイルの読み取り","copilot.tools.readProjectStructure.name":"プロジェクトの構造","copilot.tools.replaceString.name":"ファイル内の文字列の置換","copilot.tools.runInTerminal.name":"ターミナルで実行","copilot.tools.runNotebookCell.description":"ノートブック ファイル内のセルの実行をトリガーします","copilot.tools.runNotebookCell.name":"ノートブック セルの実行","copilot.tools.runTests.name":"テストの実行","copilot.tools.searchCodebase.name":"コードベース","copilot.tools.searchWorkspaceSymbols.name":"ワークスペース シンボル","copilot.tools.testFailure.name":"テスト エラー","copilot.tools.think.name":"Think","copilot.tools.updateUserPreferences.name":"ユーザー設定の更新","copilot.vscode.api.description":"VS Code 拡張機能の開発について質問する","copilot.vscode.api.sampleRequest":"ステータス バーにテキストを追加するにはどうすればよいですか?","copilot.vscode.description":"VS Code に関する質問をする","copilot.vscode.sampleRequest":"統合ターミナルを開くコマンドは何ですか?","copilot.vscode.search.description":"ワークスペース検索のクエリ パラメーターを生成する","copilot.vscode.search.sampleRequest":"'src' ディレクトリ配下のすべてのファイルで 'foo' を検索します","copilot.vscode.setupTests.description":"プロジェクトでテストを設定する (試験段階)","copilot.vscode.setupTests.sampleRequest":"自分のプロジェクトに Playwright テストを追加する","copilot.vscode.startDebugging.description":"VS Code で起動構成を生成してデバッグを開始する (試験段階)","copilot.vscode.startDebugging.sampleRequest":"ポート 9229 のノード アプリにアタッチする","copilot.vscode.tool.description":"VS Code API リファレンスを使用して、VS Code 拡張機能の開発に関する質問に回答します。","copilot.workspace.description":"ワークスペースについて質問する","copilot.workspace.doc.description":"この記号にドキュメントのコメントを追加する","copilot.workspace.edit.description":"ワークスペース内のファイルを編集します","copilot.workspace.edit.inline.description":"アクティブなエディターで選択したコードを編集します","copilot.workspace.explain.description":"アクティブなエディターのコードの仕組みを説明します","copilot.workspace.fix.description":"選択したコードの問題の修正を提案する","copilot.workspace.fix.sampleRequest":"このコードには問題があります。バグを修正したコードに書き換えます。","copilot.workspace.generate.description":"新しいコードを生成します","copilot.workspace.new.description":"ワークスペース内の新しいファイルまたはプロジェクトのスキャフォールディング コード","copilot.workspace.new.sampleRequest":"typescript を使用して RESTful API サーバーを作成する","copilot.workspace.newNotebook.description":"新しい Jupyter Notebook を作成する","copilot.workspace.newNotebook.sampleRequest":"csv ファイルからデータを読み込むノートブックを作成するにはどうすればよいですか?。","copilot.workspace.review.description":"アクティブなエディターで選択したコードを確認する","copilot.workspace.sampleRequest":"このプロジェクトはどのようにビルドすればよいですか?","copilot.workspace.semanticSearch.description":"クエリに関連するコードを検索する","copilot.workspace.semanticSearch.sampleRequest":"ツール バー コードはどこにありますか?","copilot.workspace.tests.description":"選択したコードの単体テストを生成する","copilot.workspaceSymbols.tool.description":"言語サービスを使用してワークスペースシンボルを検索します。","github.copilot.badge.signUp":"GitHub Copilot にサインアップする","github.copilot.badge.star":"GitHub の Star Copilot","github.copilot.badge.twitter":"Twitter で GitHub をフォローする","github.copilot.badge.youtube":"Youtube で GitHub を確認する","github.copilot.chat.completionContext.typescript.mode":"TypeScript Copilot コンテキスト プロバイダーの実行モード。","github.copilot.chat.copilotDebugCommand.enabled":"ターミナルで `copilot-debug` コマンドが有効になっているかどうか。","github.copilot.chat.editor.temporalContext.enabled":"インライン チャット要求を行うときに、最近表示および編集したファイルを Copilot 要求に含めるかどうかを指定します。","github.copilot.chat.edits.suggestRelatedFilesForTests":"Copilot Edits ワーキング セットのテスト ファイルからソース ファイルを提案するかどうか。","github.copilot.chat.edits.temporalContext.enabled":"編集を行うときに、最近表示および編集したファイルを Copilot 要求に含めるかどうかを要求します。","github.copilot.chat.languageContext.fix.typescript.enabled":"/fix コマンドの TypeScript 言語コンテキスト プロバイダーを有効にします","github.copilot.chat.languageContext.inline.typescript.enabled":"インライン チャットの TypeScript 言語コンテキスト プロバイダー (生成と編集の両方) を有効にします","github.copilot.chat.languageContext.typescript.cacheTimeout":"TypeScript 言語コンテキスト プロバイダーのキャッシュ更新タイムアウト (ミリ秒)。既定値は 500 ミリ秒です。","github.copilot.chat.languageContext.typescript.enabled":"インライン入力候補に対して TypeScript 言語コンテキスト プロバイダーを有効にします","github.copilot.command.applyReviewSuggestion":"適用","github.copilot.command.applyReviewSuggestionAndNext":"適用して次へ移動","github.copilot.command.applySuggestionWithCopilot":"Copilot で提案を適用する","github.copilot.command.attachTerminalSelection":"チャットにターミナルの選択を追加する","github.copilot.command.buildLocalWorkspaceIndex":"ローカル ワークスペース インデックスの構築","github.copilot.command.buildRemoteWorkspaceIndex":"リモート ワークスペース インデックスをビルド","github.copilot.command.collectDiagnostics":"GitHub Copilot チャット診断","github.copilot.command.collectWorkspaceIndexDiagnostics":"ワークスペース インデックス診断の収集","github.copilot.command.continueReviewInChat":"チャット パネルで表示","github.copilot.command.continueReviewInInlineChat":"破棄してインライン チャットにコピー","github.copilot.command.discardAllReviewSuggestion":"すべて破棄","github.copilot.command.discardReviewSuggestion":"破棄","github.copilot.command.discardReviewSuggestionAndNext":"破棄して次へ移動","github.copilot.command.explainTerminalLastCommand":"最後のターミナル コマンドの説明","github.copilot.command.explainTerminalSelection":"ターミナルの選択内容を説明する","github.copilot.command.explainTerminalSelectionContextMenu":"説明","github.copilot.command.explainThis":"説明","github.copilot.command.fixTestFailure":"テスト エラーの修正","github.copilot.command.fixThis":"修正","github.copilot.command.generateConfiguration":"GitHub Copilot を使用してデバッグ構成を生成する","github.copilot.command.generateDocs":"ドキュメントを生成する","github.copilot.command.generateSTest":"最後のチャット要求から STest を生成する","github.copilot.command.generateTests":"テストを生成する","github.copilot.command.generateThis":"これを生成する","github.copilot.command.gotoNextReviewSuggestion":"次の候補","github.copilot.command.gotoPreviousReviewSuggestion":"前の候補","github.copilot.command.helpfulReviewSuggestion":"役に立った","github.copilot.command.logWorkbenchState":"Log Workbench の状態","github.copilot.command.openUserPreferences":"ユーザー設定を開く","github.copilot.command.openWalkthrough":"チュートリアルを開く","github.copilot.command.rerunWithCopilotDebug":"最後のターミナル コマンドのデバッグ","github.copilot.command.reviewAndComment":"レビューとコメント","github.copilot.command.reviewChanges":"Copilot コード レビュー - コミットされていない変更","github.copilot.command.reviewChanges.cancel":"Copilot コード レビュー - キャンセル","github.copilot.command.reviewStagedChanges":"Copilot コード レビュー - ステージングされた変更","github.copilot.command.reviewUnstagedChanges":"Copilot コード レビュー - ステージングされていない変更","github.copilot.command.sendChatFeedback":"チャット フィードバックの送信","github.copilot.command.showNotebookLog":"チャット ログ ノートブックの表示","github.copilot.command.unhelpfulReviewSuggestion":"役に立たなかった","github.copilot.config.agent.currentEditorContext.enabled":"有効にすると、Copilot はエージェント モードのコンテキストに現在アクティブなエディターの名前を含めます。","github.copilot.config.agent.runTasks":"Copilot Edits がエージェント モードでワークスペース タスクを実行できるかどうかを構成します。","github.copilot.config.agent.thinkingTool":"エージェント モードで応答を生成する前に、Copilot が要求について深く考える思考ツールを有効にします。","github.copilot.config.autoFix":"編集したファイルに関する診断を自動的に修正します。","github.copilot.config.byok.ollamaEndpoint":"Bring Your Own Key でアクセスする際に使用する Ollama のエンドポイント。既定では localhost です。","github.copilot.config.codeGeneration.instruction.file":"コードを生成する Copilot 要求に追加されるファイルへのパス。必要に応じて、命令の言語を指定できます。","github.copilot.config.codeGeneration.instruction.text":"コードを生成する Copilot 要求に追加されるテキスト命令。必要に応じて、命令の言語を指定できます。","github.copilot.config.codeGeneration.instructions":"コードを生成する Copilot 要求に追加される一連の命令。\n命令は次のところから発信できます:\n- ワークスペース内のファイル: `{ \"file\": \"fileName\" }`\n- 自然言語のテキスト: '{ \"text\": \"Use underscore for field names.\" }`\n\n注: 命令は簡潔かつ正確に記載してください。指示が不十分である場合、Copilot の品質とパフォーマンスが低下する可能性があります。","github.copilot.config.codeGeneration.useInstructionFiles":"`.github/copilot-instructions.md` からのコード命令を Copilot 要求に追加するかどうかを制御します。\n\n注: 指示は簡潔かつ正確に記述してください。指示が不十分な場合、Copilot の品質とパフォーマンスが低下する可能性があります。Copilot のカスタマイズに関する [詳細情報](https://aka.ms/github-copilot-custom-instructions)。","github.copilot.config.codesearch.enabled":"'#codebase' を使用するときにエージェント コード検索を有効にするかどうか。","github.copilot.config.commitMessageGeneration.instruction.file":"コミット メッセージを生成する Copilot 要求に追加される命令が含まれるファイルへのパス。","github.copilot.config.commitMessageGeneration.instruction.text":"コミット メッセージを生成する Copilot 要求に追加されるテキストの命令。","github.copilot.config.commitMessageGeneration.instructions":"コミット メッセージを生成する Copilot 要求に追加される一連の命令。\n命令は次のところから発信できます:\n- ワークスペース内のファイル: `{ \"file\": \"fileName\" }`\n- 自然言語のテキスト: `{ \"text\": \"Use conventional commit message format.\" }`\n\n注: 手順は簡潔かつ正確に記述してください。指示が不十分である場合、Copilot の品質とパフォーマンスが低下する可能性があります。","github.copilot.config.debugTerminalCommandPatterns":"デバッグ ターミナルに [デバッグ コマンド] クイック修正アクションを表示するコマンドの一覧。","github.copilot.config.debugTerminalCommands":"デバッグ ターミナルと [copilot-debug] コマンドのヒントをすばやく修正するかどうか。","github.copilot.config.edits.codesearch.enabled":"この設定は、'#github.copilot.chat.codesearch.enabled#' を優先して非推奨になっています。","github.copilot.config.edits.enabled":"Copilot 編集機能を有効にするかどうか。","github.copilot.config.edits.suggestRelatedFilesFromGitHistory":"Copilot Edits ワーキング セットの Git 履歴から関連ファイルを提案するかどうか。","github.copilot.config.editsNewNotebook.enabled":"Copilot Edits で新しいノートブック ツールを有効にするかどうか。","github.copilot.config.enableCodeActions":"Copilot コマンドが使用可能な場合にコード アクションとして表示するかどうかを制御します","github.copilot.config.enableUserPreferences":"エージェント モードでユーザー設定の記憶を有効にします。","github.copilot.config.experimental.testGeneration.instruction.file":"テストを生成する Copilot 要求に追加されるファイルへのパス。必要に応じて、命令の言語を指定できます。","github.copilot.config.experimental.testGeneration.instruction.text":"テストを生成する Copilot 要求に追加されるテキスト命令。必要に応じて、命令の言語を指定できます。","github.copilot.config.generateTests.codeLens":"現在のテスト カバレッジ情報でカバーされていないシンボル用に \"テストの生成\" コード レンズを表示します。","github.copilot.config.localeOverride":"Copilot が応答するロケール (例: 'en'、'fr') を指定します。既定では、Copilot は、VS Codeの構成された表示言語ロケールを使用して応答します。","github.copilot.config.newWorkspaceCreation.enabled":"新しいエージェント ワークスペースの作成を有効にするかどうか。","github.copilot.config.notebook.followCellExecution":"現在 Copilot から実行されているセルを、ビューポートに表示するかどうかを制御します。","github.copilot.config.pullRequestDescriptionGeneration.instruction.file":"pull request のタイトルと説明を生成する Copilot 要求に追加される指示が記述されたファイルへのパス。","github.copilot.config.pullRequestDescriptionGeneration.instruction.text":"pull requestタイトルと説明を生成する Copilot 要求に追加されるテキスト命令。","github.copilot.config.pullRequestDescriptionGeneration.instructions":"pull request のタイトルと説明を生成する Copilot 要求に追加される一連の指示です。\n指示は次から取得できます。\n- ワークスペース内のファイル: `{ \"file\": \"fileName\" }`\n- 自然言語のテキスト: `{ \"text\": \"Always include a list of key changes.\" }`\n\n注: 指示は簡潔かつ正確に記述してください。指示が不十分な場合、Copilot の品質とパフォーマンスが低下することがあります。","github.copilot.config.renameSuggestions.triggerAutomatically":"Copilot が名前変更の候補を生成するかどうかを制御します","github.copilot.config.reviewSelection.enabled":"現在の選択に関するレビューを有効にします。","github.copilot.config.reviewSelection.instruction.file":"現在の選択に関するレビューを提供する Copilot 要求に追加されるファイルへのパス。必要に応じて、命令の言語を指定できます。","github.copilot.config.reviewSelection.instruction.text":"現在の選択に関するレビューを提供する Copilot 要求に追加されるテキスト命令。必要に応じて、命令の言語を指定できます。","github.copilot.config.reviewSelection.instructions":"現在の選択に関するレビューを提供する Copilot 要求に追加される一連の命令。\n命令は次のところから発信できます:\n- ワークスペース内のファイル: `{ \"file\": \"fileName\" }`\n- 自然言語のテキスト: `{ \"text\": \"Use underscore for field names.\" }`\n\n注: 手順は簡潔かつ正確に記述してください。命令が不十分な場合、Copilot の有効性が低下する可能性があります。","github.copilot.config.scopeSelection":"ユーザーが '/explain' を使用していて、アクティブなエディターに選択がない場合に、特定のシンボル スコープを選択するようにユーザーに促すかどうか。","github.copilot.config.setupTests.enabled":"'/tests' 生成で '/setupTests' インテントとプロンプトを有効にします。","github.copilot.config.startDebugging.enabled":"パネル チャットで `/startDebugging` インテントを有効にします。クエリ (存在する場合)、プロジェクト構造などと一致する起動構成を生成または検索します。","github.copilot.config.summarizeAgentConversationHistory.enabled":"コンテキスト ウィンドウが入力された後に、エージェントの会話履歴を自動で要約するかどうか。","github.copilot.config.terminalChatLocation":"ターミナルからのチャット クエリを開く場所を制御します。","github.copilot.config.terminalChatLocation.chatView":"チャット ビューを開きます。","github.copilot.config.terminalChatLocation.quickChat":"クイック チャットを開きます。","github.copilot.config.terminalChatLocation.terminal":"ターミナルインライン チャットを開く","github.copilot.config.testGeneration.instructions":"テストを生成する Copilot 要求に追加される一連の命令。\n命令は次のところから発信できます:\n- ワークスペース内のファイル: `{ \"file\": \"fileName\" }`\n- 自然言語のテキスト: '{ \"text\": \"Use underscore for field names.\" }`\n\n注: 命令は簡潔かつ正確に記載してください。指示が不十分である場合、Copilot の品質とパフォーマンスが低下する可能性があります。","github.copilot.config.useProjectTemplates":"`/new` を使用するときに、関連する GitHub プロジェクトをスターター プロジェクトとして使用します","github.copilot.devcontainer.generateDevContainerConfig":"Copilot を使用して開発コンテナー構成を生成する","github.copilot.git.generateCommitMessage":"Copilot を使用してコミット メッセージを生成する","github.copilot.icon":"GitHub Copilot のアイコン","github.copilot.nextEditSuggestions.enabled":"次の編集候補 (NES) を有効にするかどうか。\n\nNES では、最近加えられた変更に基づいて次の編集を提案できます。次の編集候補についての [詳細情報](https://aka.ms/vscode-nes)。","github.copilot.nextEditSuggestions.fixes":"次の修正候補 (NES) を使用して診断の修正を提供するかどうか。","github.copilot.resetAutomaticCommandExecutionPrompt":"コマンドの自動実行プロンプトのリセット","github.copilot.submenu.copilot.label":"Copilot","github.copilot.submenu.reviewComment.applyAndNext.label":"適用して次へ移動","github.copilot.submenu.reviewComment.discard.label":"破棄","github.copilot.submenu.reviewComment.discardAndNext.label":"破棄して次へ移動","github.copilot.tools.createAndRunTask.description":"ワークスペースでタスクを作成して実行する","github.copilot.tools.createAndRunTask.name":"タスクを作成して実行する","github.copilot.tools.createAndRunTask.userDescription":"ワークスペースでタスクを作成して実行する","github.copilot.tools.createNewWorkspace.name":"新しいワークスペースの作成","github.copilot.tools.createNewWorkspace.userDescription":"VS Code で新しいワークスペースをスキャフォールディングします","github.copilot.tools.getProjectSetupInfo.name":"プロジェクトのセットアップ情報を取得","github.copilot.tools.githubRepo.name":"GitHub リポジトリの検索","github.copilot.tools.githubRepo.userDescription":"GitHub リポジトリで関連するソース コード スニペットを検索します。`owner/repo` を使用してリポジトリを指定できます","github.copilot.tools.openEmptyFolder.name":"空のフォルダーを VS Code のワークスペースとして開く","github.copilot.tools.searchResults.description":"検索ビューからの結果","github.copilot.tools.searchResults.name":"検索結果の表示","github.copilot.tools.terminalLastCommand.description":"アクティブなターミナルの最後の実行コマンド","github.copilot.tools.terminalLastCommand.name":"ターミナルの最後のコマンド","github.copilot.tools.terminalSelection.description":"アクティブなターミナルの選択","github.copilot.tools.terminalSelection.name":"ターミナルの選択","github.copilot.viewsWelcome.chatDisabled":"GitHub Copilot チャットは、現在、組織の管理者によってアカウントに対して無効になっています。チャットを有効にするには、組織の管理者にお問い合わせください。\n\n[詳細情報](https://docs.github.com/en/copilot/managing-copilot/managing-github-copilot-in-your-organization/managing-github-copilot-features-in-your-organization/managing-policies-for-copilot-in-your-organization)","github.copilot.viewsWelcome.contactSupport":"アカウントに問題があるようです。GitHub サポートにお問い合わせください。\n\n[サポートに問い合わせ](https://support.github.com/?editor=vscode)","github.copilot.viewsWelcome.debug":"GitHub Copilot チャットは、[ターミナル コマンド](command:github.copilot.chat.startCopilotDebugCommand)または[対話型チャット](command:workbench.action.chat.open?%7B%22query%22%3A%22%40vscode%20%2FstartDebugging%20%22%2C%22isPartialQuery%22%3Atrue%7D)に基づいてデバッグを開始するのに役立ちます。","github.copilot.viewsWelcome.enterprise":"Copilot を有効にするには、GitHub 組織管理者にお問い合わせください。","github.copilot.viewsWelcome.individual.expired":"Copilot サブスクリプションの有効期限が切れています。\n\n[Copilot 設定を確認してください](https://github.com/settings/copilot?editor=vscode)","github.copilot.viewsWelcome.offline":"現在オフラインです。GitHub Copilot を使用するには、インターネットに接続してください。\n\n[接続の再試行](command:github.copilot.refreshToken)","github.copilot.viewsWelcome.signIn":"Copilot AI 機能を使用するにはサインインしてください。\n\n[サインインして Copilot を使用する](command:workbench.action.chat.triggerSetup)","github.copilot.viewsWelcome.switchToReleaseChannel":"GitHub Copilot Chat 拡張機能のプレリリース バージョンは、現在、安定バージョンの VS Code ではサポートされていません。GitHub Copilot Chat のリリース バージョンに切り替えるか、VS Code Insiders を試してください。\n\n[リリース バージョンに切り替えて再読み込み](command:runCommands?%7B%22commands%22%3A%5B%7B%22command%22%3A%22workbench.extensions.action.switchToRelease%22%2C%22args%22%3A%5B%22GitHub.copilot-chat%22%5D%7D%2C%22workbench.action.reloadWindow%22%5D%7D)\n\n[VS Code Insider に切り替える](https://aka.ms/vscode-insiders)","github.copilot.walkthrough.description":"コードをより迅速かつスマートに記述するための AI ペアリング プログラマー","github.copilot.walkthrough.edits.description":"**Copilot Edits** を使用して、作業するファイルを選択し、行う変更について説明します。Copilot はそれをファイルに直接適用します。\n[Copilot で編集する](command:workbench.action.chat.open?%7B%22mode%22%3A%22edit%22%7D)","github.copilot.walkthrough.edits.media.altText":"このビデオでは、ユーザーがセカンダリ サイドバーにある Copilot Edits 入力ボックスにファイルをドラッグ アンド ドロップする様子が示されています。その後、Copilot はユーザーの要求に従ってファイルを更新します","github.copilot.walkthrough.edits.title":"自然言語を使用して変更する","github.copilot.walkthrough.firstSuggest.description":"エディターで入力すると、Copilot は開始した作業を完了するのに役立つコードを提案します。","github.copilot.walkthrough.firstSuggest.media.altText":"このビデオでは、さまざまな Copilot の入力候補が示されています。Copilot は、ユーザーがコードを完了するのに役立つコードを提案します","github.copilot.walkthrough.firstSuggest.title":"AI が提案するコード補完","github.copilot.walkthrough.inlineChatMac.description":"ファイル内で直接記述するコードを簡単に説明できる場合があります。\nカーソルを置くか、選択を行い、**``Cmd+I``** を使用して**インライン チャット**を開きます。","github.copilot.walkthrough.inlineChatMac.media.altText":"このビデオでは、ユーザーがインライン チャット ウィジェットを呼び出し、Copilot に自然言語を使用してファイルを変更するよう依頼する様子が示されています。その後、Copilot は要求された変更を行います","github.copilot.walkthrough.inlineChatMac.title":"ファイル内で自然言語を使用する","github.copilot.walkthrough.inlineChatNotMac.description":"ファイル内で直接記述するコードを簡単に説明できる場合があります。\nカーソルを置くか、選択を行い、**``Ctrl+I``** を使用して**インライン チャット**を開きます。","github.copilot.walkthrough.inlineChatNotMac.media.altText":"エディターでのインライン チャット ビュー。このビデオでは、ユーザーがインライン チャット ウィジェットを呼び出し、Copilot に自然言語を使用してファイルを変更するよう依頼する様子が示されています。その後、Copilot は要求された変更を行います","github.copilot.walkthrough.inlineChatNotMac.title":"ファイル内で自然言語を使用する","github.copilot.walkthrough.panelChat.description":"**@workspace** を使用して、Copilot プログラミングに関する質問をしたり、コードに関するサポートを受けたりできます。\n **@** と入力すると、直接チャットできるすべてのチャット参加者が表示されます。参加者はそれぞれの専門知識を持っています。\n[Copilot とチャットする](command:workbench.action.chat.open?%7B%22mode%22%3A%22ask%22%7D)","github.copilot.walkthrough.panelChat.media.altText":"ユーザーは、コード ベースを理解するために、セカンダリ サイドバーの Copilot Chat パネルで @workspace を呼び出します。Copilot は関連情報を取得し、ファイルへのリンクを含む応答を提供します","github.copilot.walkthrough.panelChat.title":"コードに関するチャット","github.copilot.walkthrough.setup.noAction.description":"Copilot を使用すると、自然言語を使用して、複数のファイル間でコードを生成したり、エラーを修正したり、コードに関する質問をしたりすることなどができます。\n GitHub アカウントで [無料版 Copilot](https://github.com/features/copilot/plans) が提供されるようになりました。","github.copilot.walkthrough.setup.signIn.description":"Copilot を使用すると、自然言語を使用して、複数のファイル間でコードを生成したり、エラーを修正したり、コードに関する質問をしたりすることなどができます。\n GitHub アカウントで [無料版 Copilot](https://github.com/features/copilot/plans) が提供されるようになりました。\n\n[Copilot を無料で使用する](command:workbench.action.chat.triggerSetup)","github.copilot.walkthrough.setup.signIn.title":"サインインして Copilot を無料で使用する","github.copilot.walkthrough.setup.signUp.description":"Copilot を使用すると、自然言語を使用して、複数のファイル間でコードを生成したり、エラーを修正したり、コードに関する質問をしたりすることなどができます。\n GitHub アカウントで [無料版 Copilot](https://github.com/features/copilot/plans) が提供されるようになりました。\n\n[Copilot を無料で使用する](command:workbench.action.chat.triggerSetup)","github.copilot.walkthrough.setup.signUp.title":"Copilot で無料で概要","github.copilot.walkthrough.signIn.description":"Copilot の使用を開始するには、GitHub アカウントでサインインしてください。\n正しい GitHub アカウントを使用していることを確認します。アカウント メニューを使用して、後でサインインすることもできます。\n\n[サインイン](command:github.copilot.signIn)","github.copilot.walkthrough.signIn.media.altText":"このチュートリアルまたは VS Code のアカウント メニューを使用して GitHub にサインインする","github.copilot.walkthrough.signIn.title":"GitHub アカウントでサインイン","github.copilot.walkthrough.sparkle.description":"Copilot は、VS Code インターフェイス全体で AI 搭載のスマート アクションを使用してコーディング エクスペリエンスを向上させます。\nCopilot がコードの変更に基づいてコミット メッセージと PR の説明を生成する [ソース管理ビュー](command:workbench.view.scm) などの $(sparkle) アイコンを探確認してください。\n\n[ヒントとテクニックを見る](https://code.visualstudio.com/docs/copilot/copilot-vscode-features)","github.copilot.walkthrough.sparkle.media.altText":"ビデオでは、ソース管理入力ボックスの光のアイコンがクリックされ、GitHub Copilot がトリガーされてコミット メッセージが自動的に生成されます","github.copilot.walkthrough.sparkle.title":"スマート アクションに関するご確認ください","github.copilot.walkthrough.title":"GitHub Copilot"}
