{"copilot.agent.description":"Úprava souborů v pracovním prostoru v režimu agenta","copilot.codebase.tool.description":"Najděte relevantní bloky dat souborů, symboly a další informace v kódové bázi.","copilot.description":"Zeptat se Copilotu","copilot.edits.description":"Upravit soubory v pracovním prostoru","copilot.listCodeUsages.tool.description":"Umožňuje najít odkazy, definice a další použití symbolu.","copilot.terminal.description":"Zeptat se Copilotu","copilot.terminal.explain.description":"Vysvětlit něco v terminálu","copilot.terminal.explain.sampleRequest":"Vysvětlit poslední příkaz","copilot.terminal.sampleRequest":"Jak si zobrazím všechny soubory v adresáři včetně podadresářů?","copilot.terminalPanel.description":"Zeptat se, jak něco provést na terminálu","copilot.testFailure.tool.description":"Obsahuje informace o posledním selhání testu jednotek.","copilot.toolSet.editing.description":"Upravit soubory v pracovním prostoru","copilot.toolSet.new.description":"Umožňuje vygenerovat nový pracovní prostor ve VS Code.","copilot.toolSet.runCommand.description":"Spouštět příkazy v terminálu","copilot.toolSet.runNotebook.description":"Spustit buňky poznámkového bloku","copilot.toolSet.runTasks.description":"Spouštění úloh v pracovním prostoru","copilot.toolSet.search.description":"Hledání a čtení souborů ve vašem pracovním prostoru","copilot.tools.applyPatch.description":"Upravit textové soubory v pracovním prostoru","copilot.tools.applyPatch.name":"Použít opravu","copilot.tools.changes.description":"Získat rozdíly změněných souborů","copilot.tools.createDirectory.name":"Vytvořit adresář","copilot.tools.createFile.name":"Vytvořit soubor","copilot.tools.editNotebook.name":"Upravit poznámkový blok","copilot.tools.errors.description":"Zkontrolovat chyby u konkrétního souboru","copilot.tools.fetchWebPage.description":"Umožňuje načíst hlavní obsah z webové stránky. Měli byste zahrnout URL adresu stránky, kterou chcete načíst.","copilot.tools.fetchWebPage.name":"Načíst webovou stránku","copilot.tools.findFiles.name":"Najít soubory","copilot.tools.findTestFiles.description":"Pro soubor zdrojového kódu najděte soubor, který obsahuje testy. Pro testovací soubor najděte soubor, který obsahuje kód v rámci testu.","copilot.tools.findTestFiles.name":"Najít testovací soubory","copilot.tools.findTextInFiles.name":"Najít text v souborech","copilot.tools.getChangedFiles.name":"Změny Git","copilot.tools.getDocInfo.description":"Pro symbol, jako je třída nebo funkce, najděte informace o tom, jak je dokumentovat.","copilot.tools.getDocInfo.name":"Informace o dokumentu","copilot.tools.getErrors.name":"Získat problémy","copilot.tools.getNotebookCellOutput.description":"Přečíst výstup dříve provedené buňky","copilot.tools.getNotebookCellOutput.name":"Získat výstup buňky poznámkového bloku","copilot.tools.getTerminalOutput.name":"Získat výstup terminálu","copilot.tools.getVSCodeAPI.name":"Získat odkazy na rozhraní API VS Code","copilot.tools.insertEdit.name":"Upravit soubor","copilot.tools.listCodeUsages.name":"Vyhledat využití","copilot.tools.listDirectory.name":"Zobrazit výpis adresáře","copilot.tools.newJupyterNotebook.description":"Vytvořit nový Jupyter Notebook","copilot.tools.openSimpleBrowser.description":"Zobrazit náhled místně hostovaného webu v jednoduchém prohlížeči","copilot.tools.openSimpleBrowser.name":"Otevřít jednoduchý prohlížeč","copilot.tools.readFile.name":"Přečte soubor","copilot.tools.readProjectStructure.name":"Struktura projektu","copilot.tools.replaceString.name":"Nahradit řetězec v souboru","copilot.tools.runInTerminal.name":"Spustit v terminálu","copilot.tools.runNotebookCell.description":"Aktivovat provádění buňky v souboru poznámkového bloku","copilot.tools.runNotebookCell.name":"Spustit buňku poznámkového bloku","copilot.tools.runTests.name":"Spustit testy","copilot.tools.searchCodebase.name":"Kódová báze","copilot.tools.searchWorkspaceSymbols.name":"Symboly pracovního prostoru","copilot.tools.testFailure.name":"Selhání testu","copilot.tools.think.name":"Přemýšlení","copilot.tools.updateUserPreferences.name":"Aktualizovat uživatelské předvolby","copilot.vscode.api.description":"Zeptat se na vývoj rozšíření VS Code","copilot.vscode.api.sampleRequest":"Jak přidám text na stavový řádek?","copilot.vscode.description":"Zeptat se na VS Code","copilot.vscode.sampleRequest":"Jakým příkazem je možné otevřít integrovaný terminál?","copilot.vscode.search.description":"Generovat parametry dotazu pro vyhledávání v pracovním prostoru","copilot.vscode.search.sampleRequest":"Hledejte foo ve všech souborech v adresáři src","copilot.vscode.setupTests.description":"Nastavení testů v projektu (experimentální)","copilot.vscode.setupTests.sampleRequest":"přidat do projektu testy playwright","copilot.vscode.startDebugging.description":"Generovat konfiguraci spuštění a spustit ladění ve VS Code (experimentální)","copilot.vscode.startDebugging.sampleRequest":"Připojit se k aplikaci uzlu na portu 9229","copilot.vscode.tool.description":"Pomocí VS Code odkazů na rozhraní API můžete zodpovědět otázky týkající se vývoje rozšíření VS Code.","copilot.workspace.description":"Zeptejte se na svůj pracovní prostor","copilot.workspace.doc.description":"Přidat dokumentační komentář k tomuto symbolu","copilot.workspace.edit.description":"Upravit soubory v pracovním prostoru","copilot.workspace.edit.inline.description":"Umožňuje upravit vybraný kód v aktivním editoru.","copilot.workspace.explain.description":"Vysvětlit fungování kódu v aktivním editoru","copilot.workspace.fix.description":"Navrhnout opravu problémů ve vybraném kódu","copilot.workspace.fix.sampleRequest":"V tomto kódu je chyba. Přepište kód tak, aby byl zobrazen s opravenou chybou.","copilot.workspace.generate.description":"Vygenerovat nový kód","copilot.workspace.new.description":"Vygenerovat kód pro nový soubor nebo projekt v pracovním prostoru","copilot.workspace.new.sampleRequest":"Vytvořte server rozhraní RESTful API pomocí typescriptu","copilot.workspace.newNotebook.description":"Vytvořit nový Jupyter Notebook","copilot.workspace.newNotebook.sampleRequest":"Jak vytvořím poznámkový blok pro načtení dat ze souboru csv?","copilot.workspace.review.description":"Umožňuje zkontrolovat vybraný kód v aktivním editoru.","copilot.workspace.sampleRequest":"Jak sestavím tento projekt?","copilot.workspace.semanticSearch.description":"Najít relevantní kód pro váš dotaz","copilot.workspace.semanticSearch.sampleRequest":"Kde je kód panelu nástrojů?","copilot.workspace.tests.description":"Generovat testy jednotek pro vybraný kód","copilot.workspaceSymbols.tool.description":"Hledat symboly pracovního prostoru pomocí jazykových služeb","github.copilot.badge.signUp":"Registrace pro GitHub Copilot","github.copilot.badge.star":"Star Copilot na GitHubu","github.copilot.badge.twitter":"Sledování GitHubu na Twitteru","github.copilot.badge.youtube":"Podívejte se na GitHub na Youtube","github.copilot.chat.completionContext.typescript.mode":"Režim provádění zprostředkovatele kontextu TypeScript Copilot.","github.copilot.chat.copilotDebugCommand.enabled":"Určuje, jestli je v terminálu povolený příkaz copilot-debug.","github.copilot.chat.editor.temporalContext.enabled":"Při posílání vložené žádosti o chat, jestli se mají do žádostí Copilot zahrnout naposledy zobrazené a upravené soubory","github.copilot.chat.edits.suggestRelatedFilesForTests":"Určuje, jestli se mají navrhovat zdrojové soubory z testovacích souborů pro pracovní sadu Úprav v Copilotu.","github.copilot.chat.edits.temporalContext.enabled":"Při provádění úprav se vyžaduje, jestli se do žádostí Copilot mají zahrnout naposledy zobrazené a upravené soubory.","github.copilot.chat.languageContext.fix.typescript.enabled":"Povolí zprostředkovatele kontextu jazyka TypeScript pro příkazy /fix.","github.copilot.chat.languageContext.inline.typescript.enabled":"Povolí zprostředkovatele kontextu jazyka TypeScript pro vložené chaty (generování i úpravy).","github.copilot.chat.languageContext.typescript.cacheTimeout":"Časový limit naplnění mezipaměti pro zprostředkovatele kontextu jazyka TypeScript v milisekundách. Výchozí hodnota je 500 milisekund.","github.copilot.chat.languageContext.typescript.enabled":"Povolí zprostředkovatele kontextu jazyka TypeScript pro vložené dokončování.","github.copilot.command.applyReviewSuggestion":"Použít","github.copilot.command.applyReviewSuggestionAndNext":"Použít a přejít na další","github.copilot.command.applySuggestionWithCopilot":"Použití návrhu pomocí funkce Copilot","github.copilot.command.attachTerminalSelection":"Přidat výběr terminálu do chatu","github.copilot.command.buildLocalWorkspaceIndex":"Vytvořit index místního pracovního prostoru","github.copilot.command.buildRemoteWorkspaceIndex":"Vytvořit index vzdáleného pracovního prostoru","github.copilot.command.collectDiagnostics":"Diagnostika chatu s GitHub Copilotem","github.copilot.command.collectWorkspaceIndexDiagnostics":"Shromáždit diagnostiku indexu pracovního prostoru","github.copilot.command.continueReviewInChat":"Zobrazit na panelu chatu","github.copilot.command.continueReviewInInlineChat":"Zahodit a zkopírovat do vloženého chatu","github.copilot.command.discardAllReviewSuggestion":"Zahodit vše","github.copilot.command.discardReviewSuggestion":"Zahodit","github.copilot.command.discardReviewSuggestionAndNext":"Zahodit a přejít na další","github.copilot.command.explainTerminalLastCommand":"Vysvětlit poslední příkaz terminálu","github.copilot.command.explainTerminalSelection":"Vysvětlit výběr terminálu","github.copilot.command.explainTerminalSelectionContextMenu":"Vysvětlit","github.copilot.command.explainThis":"Vysvětlit","github.copilot.command.fixTestFailure":"Opravit selhání testu","github.copilot.command.fixThis":"Opravit","github.copilot.command.generateConfiguration":"Generovat konfiguraci ladění pomocí GitHub Copilotu","github.copilot.command.generateDocs":"Generovat dokumenty","github.copilot.command.generateSTest":"Vygenerovat STest z poslední žádosti o chat","github.copilot.command.generateTests":"Generovat testy","github.copilot.command.generateThis":"Generovat toto","github.copilot.command.gotoNextReviewSuggestion":"Další návrh","github.copilot.command.gotoPreviousReviewSuggestion":"Předchozí návrh","github.copilot.command.helpfulReviewSuggestion":"Užitečné","github.copilot.command.logWorkbenchState":"Stav pracovní plochy protokolu","github.copilot.command.openUserPreferences":"Otevřít uživatelské předvolby","github.copilot.command.openWalkthrough":"Otevřít podrobný návod","github.copilot.command.rerunWithCopilotDebug":"Ladit poslední příkaz terminálu","github.copilot.command.reviewAndComment":"Zkontrolovat a okomentovat","github.copilot.command.reviewChanges":"Revize kódu Copilotem – nepotvrzené změny","github.copilot.command.reviewChanges.cancel":"Revize kódu Copilotem – zrušit","github.copilot.command.reviewStagedChanges":"Revize kódu Copilotem – připravené změny","github.copilot.command.reviewUnstagedChanges":"Revize kódu Copilotem – nepřipravené změny","github.copilot.command.sendChatFeedback":"Poslat názor na chat","github.copilot.command.showNotebookLog":"Zobrazit poznámkový blok protokolu chatu","github.copilot.command.unhelpfulReviewSuggestion":"Neužitečné","github.copilot.config.agent.currentEditorContext.enabled":"Pokud je tato možnost povolena, Copilot zahrne název aktuálního aktivního editoru do kontextu pro režim agenta.","github.copilot.config.agent.runTasks":"Konfiguruje, jestli může Copilot Edits spouštět úlohy pracovního prostoru v režimu agenta.","github.copilot.config.agent.thinkingTool":"Povolí nástroj pro uvažování, který umožňuje Copilotu důkladně popřemýšlet o vašem požadavku před vygenerováním odpovědi v režimu agenta.","github.copilot.config.autoFix":"Umožňuje automaticky opravit diagnostiku pro upravené soubory.","github.copilot.config.byok.ollamaEndpoint":"Koncový bod, který se má použít pro Ollama při přístupu pomocí služby BYOK (Bring Your Own Key). Výchozí hodnota je localhost.","github.copilot.config.codeGeneration.instruction.file":"Cesta k souboru, která bude přidána do žádostí Copilotu generujících kód. Volitelně můžete zadat jazyk pro instrukci.","github.copilot.config.codeGeneration.instruction.text":"Textová instrukce, která bude přidána do žádostí Copilotu generujících kód. Volitelně můžete zadat jazyk pro instrukci.","github.copilot.config.codeGeneration.instructions":"Sada instrukcí, která bude přidána do žádostí Copilotu generujících kód.\nPokyny můžou pocházet z následujících zdrojů: \n– soubor v pracovním prostoru: { \"file\": \"fileName\" }\n– text v přirozeném jazyce: { \"text\": \"Use underscore for field names.\" }\n\nPoznámka: Instrukce musí být krátké a přesné. Nekvalitní instrukce můžou zhoršit kvalitu a výkonnost Copilotu.","github.copilot.config.codeGeneration.useInstructionFiles":"Určuje, jestli se do požadavků na Copilot přidají instrukce kódu z .github/copilot-instructions.md.\n\nPoznámka: Instrukce musí být krátké a přesné. Nekvalitní instrukce můžou zhoršit kvalitu a výkonnost Copilotu. [Přečtěte si další informace](https://aka.ms/github-copilot-custom-instructions) o přizpůsobení Copilotu.","github.copilot.config.codesearch.enabled":"Určuje, jestli má být povoleno agentní vyhledávání kódu při použití možnosti #codebase.","github.copilot.config.commitMessageGeneration.instruction.file":"Cesta k souboru s instrukcemi, které budou přidány do žádostí Copilotu generujících zprávy potvrzení.","github.copilot.config.commitMessageGeneration.instruction.text":"Textové instrukce, které budou přidány do žádostí Copilotu generujících zprávy potvrzení.","github.copilot.config.commitMessageGeneration.instructions":"Sada instrukcí, která bude přidána do žádostí Copilotu generujících zprávy potvrzení.\nInstrukce můžou pocházet z následujících zdrojů: \n– soubor v pracovním prostoru: `{ \"file\": \"fileName\" }`\n– text v přirozeném jazyce: `{ \"text\": \"Use conventional commit message format.\" }`\n\nPoznámka: Instrukce musí být krátké a přesné. Nekvalitní instrukce můžou zhoršit kvalitu a výkonnost Copilotu.","github.copilot.config.debugTerminalCommandPatterns":"Seznam příkazů, pro které se má v terminálu ladění zobrazit akce rychlé opravy Příkaz ladění.","github.copilot.config.debugTerminalCommands":"Určuje, zda se v terminálu ladění a příkazu copilot-debug zobrazí nápovědy pro rychlé opravy.","github.copilot.config.edits.codesearch.enabled":"Toto nastavení je zastaralé a místo něj se používá nastavení #github.copilot.chat.codesearch.enabled#.","github.copilot.config.edits.enabled":"Určuje, jestli se má povolit funkce Úpravy v Copilotu.","github.copilot.config.edits.suggestRelatedFilesFromGitHistory":"Určuje, jestli se mají navrhovat související soubory z historie Gitu pro pracovní sadu Úpravy v Copilotu.","github.copilot.config.editsNewNotebook.enabled":"Určuje, jestli se má v Copilot Edits povolit nástroj pro nové poznámkové bloky.","github.copilot.config.enableCodeActions":"Určuje, jestli se mají příkazy Copilotu v odpovídajících případech zobrazovat jako akce kódu.","github.copilot.config.enableUserPreferences":"Povolí zapamatování uživatelských předvoleb v režimu agenta.","github.copilot.config.experimental.testGeneration.instruction.file":"Cesta k souboru, která bude přidána do žádostí Copilotu generujících testy. Volitelně můžete zadat jazyk pro instrukci.","github.copilot.config.experimental.testGeneration.instruction.text":"Textová instrukce, která bude přidána do žádostí Copilotu generujících testy. Volitelně můžete zadat jazyk pro instrukci.","github.copilot.config.generateTests.codeLens":"Zobrazí oddíl kódu Generovat testy pro symboly, které nejsou pokryty aktuálními informacemi o rozsahu testování.","github.copilot.config.localeOverride":"Zadejte národní prostředí, ve kterém má funkce Copilot odpovědět, např. en nebo fr. Ve výchozím nastavení bude funkce Copilot odpovídat pomocí nakonfigurovaného jazyka zobrazení národního prostředí editoru VS Code.","github.copilot.config.newWorkspaceCreation.enabled":"Určuje, jestli se má povolit vytváření nových agentních pracovních prostorů.","github.copilot.config.notebook.followCellExecution":"Určuje, jestli se aktuálně prováděná buňka při provádění z Copilotu objeví v zobrazení.","github.copilot.config.pullRequestDescriptionGeneration.instruction.file":"Cesta k souboru s instrukcemi, které se přidají do žádostí Copilotu generujících názvy a popisy žádostí o přijetí změn","github.copilot.config.pullRequestDescriptionGeneration.instruction.text":"Textové pokyny, které se přidají do žádostí Copilotu, které generují názvy a popisy žádostí o získání dat","github.copilot.config.pullRequestDescriptionGeneration.instructions":"Sada instrukcí, které se přidají do žádostí Copilotu generujících názvy a popisy žádostí o přijetí změn.\nInstrukce můžou pocházet z následujících zdrojů: \n– soubor v pracovním prostoru: `{ \"file\": \"fileName\" }`\n– text v přirozeném jazyce: `{ \"text\": \"Always include a list of key changes.\" }`\n\nPoznámka: Instrukce musí být krátké a přesné. Nekvalitní instrukce můžou zhoršit kvalitu a výkonnost Copilotu.","github.copilot.config.renameSuggestions.triggerAutomatically":"Určuje, jestli má Copilot generovat návrhy na přejmenování.","github.copilot.config.reviewSelection.enabled":"Povolí revizi kódu u aktuálního výběru.","github.copilot.config.reviewSelection.instruction.file":"Cesta k souboru, která se přidá do požadavků Copilotu, které poskytují revizi kódu pro aktuální výběr. Volitelně můžete zadat jazyk pro instrukci.","github.copilot.config.reviewSelection.instruction.text":"Textová instrukce, která se přidá do požadavků Copilotu, které poskytují revizi kódu pro aktuální výběr. Volitelně můžete zadat jazyk pro instrukci.","github.copilot.config.reviewSelection.instructions":"Sada instrukcí, která se přidá do požadavků Copilotu, které poskytují revizi kódu pro aktuální výběr.\nInstrukce můžou pocházet z následujících zdrojů: \n– soubor v pracovním prostoru: `{ \"file\": \"fileName\" }`\n– text v přirozeném jazyce: `{ \"text\": \"Use underscore for field names.\" }`\n\nPoznámka: Instrukce musí být krátké a přesné. Nekvalitní instrukce mohou snížit účinnost Copilotu.","github.copilot.config.scopeSelection":"Určuje, jestli se má uživateli zobrazit výzva k výběru konkrétního oboru symbolů, pokud uživatel používá /explain a aktivní editor nemá žádný výběr.","github.copilot.config.setupTests.enabled":"Povolí záměr /setupTests a zobrazí výzvu při generování /tests.","github.copilot.config.startDebugging.enabled":"Povolí záměr /startDebugging v chatu na panelu. Vygeneruje nebo najde konfiguraci spuštění, která odpovídá dotazu (pokud existuje), struktuře projektu apod.","github.copilot.config.summarizeAgentConversationHistory.enabled":"Určuje, jestli se má po vyplnění okna kontextu automaticky shrnout historie konverzací agenta.","github.copilot.config.terminalChatLocation":"Určuje, kde se mají otevírat dotazy chatu z terminálu.","github.copilot.config.terminalChatLocation.chatView":"Otevře zobrazení chatu.","github.copilot.config.terminalChatLocation.quickChat":"Otevře rychlý chat.","github.copilot.config.terminalChatLocation.terminal":"Otevřít vložený chat terminálu","github.copilot.config.testGeneration.instructions":"Sada instrukcí, která bude přidána do žádostí Copilotu generujících testy.\nPokyny můžou pocházet z následujících zdrojů: \n– soubor v pracovním prostoru: { \"file\": \"fileName\" }\n– text v přirozeném jazyce: { \"text\": \"Use underscore for field names.\" }\n\nPoznámka: Instrukce musí být krátké a přesné. Nekvalitní instrukce můžou zhoršit kvalitu a výkonnost Copilotu.","github.copilot.config.useProjectTemplates":"Při použití „/new“ použít relevantní projekty GitHubu jako počáteční projekty","github.copilot.devcontainer.generateDevContainerConfig":"Generovat konfiguraci vývojového kontejneru pomocí Copilotu","github.copilot.git.generateCommitMessage":"Vygenerovat zprávu potvrzení pomocí Copilotu","github.copilot.icon":"Ikona GitHub Copilot","github.copilot.nextEditSuggestions.enabled":"Určuje, jestli se má povolit funkce návrhů dalších úprav (NES).\n\nFunkce NES může navrhnout další úpravy na základě vašich posledních změn. [Další informace](https://aka.ms/vscode-nes) o návrzích dalších úprav","github.copilot.nextEditSuggestions.fixes":"Určuje, jestli se mají nabízet opravy pro diagnostiku prostřednictvím funkce návrhů dalších úprav (NES).","github.copilot.resetAutomaticCommandExecutionPrompt":"Resetovat příkazový řádek automatického spuštění","github.copilot.submenu.copilot.label":"Copilot","github.copilot.submenu.reviewComment.applyAndNext.label":"Použít a přejít na další","github.copilot.submenu.reviewComment.discard.label":"Zahodit","github.copilot.submenu.reviewComment.discardAndNext.label":"Zahodit a přejít na další","github.copilot.tools.createAndRunTask.description":"Vytvořit a spustit úlohu v pracovním prostoru","github.copilot.tools.createAndRunTask.name":"Vytvořit a spustit úlohu","github.copilot.tools.createAndRunTask.userDescription":"Vytvořit a spustit úlohu v pracovním prostoru","github.copilot.tools.createNewWorkspace.name":"Vytvořit nový pracovní prostor","github.copilot.tools.createNewWorkspace.userDescription":"Umožňuje vygenerovat nový pracovní prostor ve VS Code.","github.copilot.tools.getProjectSetupInfo.name":"Získat informace o nastavení Project","github.copilot.tools.githubRepo.name":"Hledat v úložišti GitHubu","github.copilot.tools.githubRepo.userDescription":"Vyhledá v úložišti GitHubu relevantní fragmenty zdrojového kódu. Úložiště můžete zadat pomocí možnosti owner/repo.","github.copilot.tools.openEmptyFolder.name":"Otevřít prázdnou složku jako pracovní prostor VS Code","github.copilot.tools.searchResults.description":"Výsledky ze zobrazení vyhledávání","github.copilot.tools.searchResults.name":"Hledání – zobrazit výsledky","github.copilot.tools.terminalLastCommand.description":"Poslední příkaz spuštění aktivního terminálu","github.copilot.tools.terminalLastCommand.name":"Poslední příkaz terminálu","github.copilot.tools.terminalSelection.description":"Výběr aktivního terminálu","github.copilot.tools.terminalSelection.name":"Výběr terminálu","github.copilot.viewsWelcome.chatDisabled":"Chat s GitHub Copilotem je pro váš účet momentálně zakázaný správcem organizace. Požádejte správce organizace o povolení chatu.\n\n[Další informace](https://docs.github.com/en/copilot/managing-copilot/managing-github-copilot-in-your-organization/managing-github-copilot-features-in-your-organization/managing-policies-for-copilot-in-your-organization)","github.copilot.viewsWelcome.contactSupport":"Vypadá to na problém s vaším účtem. Obraťte se prosím na podporu GitHubu.\n\n[Kontaktovat podporu](https://support.github.com/?editor=vscode)","github.copilot.viewsWelcome.debug":"Chat v GitHub Copilotu vám může pomoct začít s laděním, a to buď na základě [příkazu terminálu](command:github.copilot.chat.startCopilotDebugCommand), nebo pomocí [interaktivního chatu](command:workbench.action.chat.open?%7B%22query%22%3A%22%40vscode%20%2FstartDebugging%20%22%2C%22isPartialQuery%22%3Atrue%7D).","github.copilot.viewsWelcome.enterprise":"Pokud chcete povolit Copilot, obraťte se na správce organizace GitHubu.","github.copilot.viewsWelcome.individual.expired":"Platnost vašeho předplatného pro Copilot vypršela.\n\n[Zkontrolovat nastavení Copilotu](https://github.com/settings/copilot?editor=vscode)","github.copilot.viewsWelcome.offline":"V tuto chvíli jste offline. Pokud chcete používat GitHub Copilot, připojte se k internetu.\n\n[Retry Connection](command:github.copilot.refreshToken)","github.copilot.viewsWelcome.signIn":"Přihlaste se, abyste mohli používat funkce nástroje Copilot AI.\n\n[Přihlaste se, abyste mohli používat Copilot](command:workbench.action.chat.triggerSetup)","github.copilot.viewsWelcome.switchToReleaseChannel":"Předběžná verze rozšíření GitHub Copilot Chat se v současné době ve stabilní verzi VS Code nepodporuje. Přepněte prosím na vydanou verzi pro GitHub Copilot Chat nebo vyzkoušejte VS Code Insiders.\n\n[Přepnout na vydanou verzi a znovu načíst](command:runCommands?%7B%22commands%22%3A%5B%7B%22command%22%3A%22workbench.extensions.action.switchToRelease%22%2C%22args%22%3A%5B%22GitHub.copilot-chat%22%5D%7D%2C%22workbench.action.reloadWindow%22%5D%7D)\n\n[Přepnout na VS Code Insiders](https://aka.ms/vscode-insiders)","github.copilot.walkthrough.description":"Váš pomocný AI programátor píše kód rychleji a chytřeji.","github.copilot.walkthrough.edits.description":"Pomocí **Copilot Edits** můžete vybrat soubory, se kterými chcete pracovat, a popsat změny, které chcete provést. Copilot je použije přímo na vaše soubory.\n[Upravit pomocí Copilotu](příkaz:workbench.action.chat.open?%7B%22mode%22%3A%22edit%22%7D)","github.copilot.walkthrough.edits.media.altText":"Video ukazuje uživatele, který přetahuje soubory do vstupního pole Copilot Edits nacházejícího se na sekundárním bočním panelu. Copilot pak aktualizuje soubor podle požadavku uživatele.","github.copilot.walkthrough.edits.title":"Provádějte změny v přirozeném jazyce","github.copilot.walkthrough.firstSuggest.description":"Při psaní v editoru vám Copilot navrhuje kód, který vám pomůže dokončit to, co jste začali.","github.copilot.walkthrough.firstSuggest.media.altText":"Video ukazuje různá dokončení Copilotu, kde Copilot navrhuje kód, který uživateli pomůže dokončit kód.","github.copilot.walkthrough.firstSuggest.title":"Dokončování kódu navrhovaná umělou inteliznací","github.copilot.walkthrough.inlineChatMac.description":"Někdy je jednodušší popsat kód, který chcete zapsat, přímo v souboru.\nUmístěte kurzor nebo proveďte výběr a pomocí **Cmd+I** otevřete **Inline Chat**.","github.copilot.walkthrough.inlineChatMac.media.altText":"Video ukazuje uživatele, který vyvolává widget vloženého chatu a žádá Copilot, aby v souboru provedl změnu pomocí přirozeného jazyka. Copilot pak provede požadovanou změnu.","github.copilot.walkthrough.inlineChatMac.title":"Používání přirozeného jazyka v souborech","github.copilot.walkthrough.inlineChatNotMac.description":"Někdy je jednodušší popsat kód, který chcete zapsat, přímo v souboru.\nUmístěte kurzor nebo proveďte výběr a pomocí **Ctrl+I** otevřete **Inline Chat**.","github.copilot.walkthrough.inlineChatNotMac.media.altText":"Zobrazení vloženého chatu v editoru. Video ukazuje uživatele, který vyvolává widget vloženého chatu a žádá Copilot, aby v souboru provedl změnu pomocí přirozeného jazyka. Copilot pak provede požadovanou změnu.","github.copilot.walkthrough.inlineChatNotMac.title":"Používání přirozeného jazyka v souborech","github.copilot.walkthrough.panelChat.description":"Položte Copilotu otázky týkající se programování nebo získejte pomoc s kódem pomocí **@workspace**.\n Zadejte **@** a zobrazí se vám všichni dostupní účastníci chatu, se kterými můžete chatovat přímo, každý s vlastními odbornými znalostmi.\n[Chat s Copilotem](command:workbench.action.chat.open?%7B%22mode%22%3A%22ask%22%7D)","github.copilot.walkthrough.panelChat.media.altText":"Uživatel vyvolá @workspace na panelu Copilot Chatu v sekundárním bočním panelu, aby porozuměl kódové bázi. Copilot načte relevantní informace a poskytne odpověď s odkazy na soubory.","github.copilot.walkthrough.panelChat.title":"Chatujte o svém kódu","github.copilot.walkthrough.setup.noAction.description":"Pomocí Copilotu můžete generovat kód napříč více soubory, opravovat chyby, klást otázky týkající se kódu a provádět řadu dalších činností pomocí přirozeného jazyka.\n Nově nabízíme [Copilot zdarma](https://github.com/features/copilot/plans) s vaším účtem GitHub.","github.copilot.walkthrough.setup.signIn.description":"Pomocí Copilotu můžete generovat kód napříč více soubory, opravovat chyby, klást otázky týkající se kódu a provádět řadu dalších činností pomocí přirozeného jazyka.\n Nově nabízíme [Copilot zdarma](https://github.com/features/copilot/plans) s vaším účtem GitHub.\n\n[Používat Copilot zdarma](command:workbench.action.chat.triggerSetup)","github.copilot.walkthrough.setup.signIn.title":"Přihlaste se a začněte používat Copilot zdarma","github.copilot.walkthrough.setup.signUp.description":"Pomocí Copilotu můžete generovat kód napříč více soubory, opravovat chyby, klást otázky týkající se kódu a provádět řadu dalších činností pomocí přirozeného jazyka.\n Nově nabízíme [Copilot zdarma](https://github.com/features/copilot/plans) s vaším účtem GitHub.\n\n[Používat Copilot zdarma](command:workbench.action.chat.triggerSetup)","github.copilot.walkthrough.setup.signUp.title":"Začínáme s Copilotem zdarma","github.copilot.walkthrough.signIn.description":"Pokud chcete začít pracovat s Copilotem, přihlaste se pomocí účtu GitHubu.\nUjistěte se, že používáte správný účet GitHubu. Můžete se také přihlásit později pomocí nabídky účtu.\n\n[Přihlásit se](command:github.copilot.signIn)","github.copilot.walkthrough.signIn.media.altText":"Přihlaste se ke GitHubu prostřednictvím tohoto podrobného návodu nebo nabídky účtu VS Code","github.copilot.walkthrough.signIn.title":"Přihlásit se přes GitHub","github.copilot.walkthrough.sparkle.description":"Copilot vylepšuje vaše programování pomocí inteligentních akcí s umělou inteligencí v celém rozhraní VS Code.\nVyhledejte ikony $(sparkle), například v zobrazení [Source Control](command:workbench.view.scm), kde Copilot generuje zprávy potvrzení a popisy žádostí o přijetí změn na základě změn kódu.\n\n[Objevte tipy a triky](https://code.visualstudio.com/docs/copilot/copilot-vscode-features)","github.copilot.walkthrough.sparkle.media.altText":"Video ukazuje kliknutí na ikonu jiskry ve vstupním poli správy zdrojového kódu, což aktivuje GitHub Copilot, který automaticky vygeneruje zprávu potvrzení.","github.copilot.walkthrough.sparkle.title":"Podívejte se na inteligentní akce","github.copilot.walkthrough.title":"GitHub Copilot"}
