{"copilot.agent.description":"Aracı modunda çalışma alanınızdaki dosyaları düzenleyin","copilot.codebase.tool.description":"Kod tabanınızdaki ilgili dosya parçalarını, sembolleri ve diğer bilgileri bulun","copilot.description":"Copilot’a sor","copilot.edits.description":"Dosyaları çalışma alanınızda düzenleyin","copilot.listCodeUsages.tool.description":"Bir simgenin başvurularını, tanımlarını ve diğer kullanımlarını bulun","copilot.terminal.description":"Copilot’a sor","copilot.terminal.explain.description":"Terminaldeki bir şeyi açıkla","copilot.terminal.explain.sampleRequest":"Son komutu açıkla","copilot.terminal.sampleRequest":"Dizinler dahil olmak üzere bir dizindeki tüm dosyaları nasıl görüntülerim?","copilot.terminalPanel.description":"Terminalde bir şeyin nasıl yapılacağını sorun","copilot.testFailure.tool.description":"Son birim testi hatası hakkında bilgi içerir","copilot.toolSet.editing.description":"Dosyaları çalışma alanınızda düzenleyin","copilot.toolSet.new.description":"VS Code'da yeni bir çalışma alanı oluşturun","copilot.toolSet.runCommand.description":"Terminalde komutları çalıştır","copilot.toolSet.runNotebook.description":"Not defteri hücrelerini çalıştır","copilot.toolSet.runTasks.description":"Görevleri çalışma alanınızda çalıştırın","copilot.toolSet.search.description":"Çalışma alanınızdaki dosyaları arayın ve okuyun","copilot.tools.applyPatch.description":"Çalışma alanındaki metin dosyalarını düzenle","copilot.tools.applyPatch.name":"Yama uygula","copilot.tools.changes.description":"Değiştirilen dosyaların farklarını getir","copilot.tools.createDirectory.name":"Dizin Oluştur","copilot.tools.createFile.name":"Dosya oluştur","copilot.tools.editNotebook.name":"Not defterini düzenle","copilot.tools.errors.description":"Belirli bir dosyanın hatalarını kontrol et","copilot.tools.fetchWebPage.description":"Bir web sayfasından ana içeriği getir. Getirmek istediğiniz sayfanın URL’sini eklemeniz gerekir.","copilot.tools.fetchWebPage.name":"Web Sayfasını Getir","copilot.tools.findFiles.name":"Dosyaları Bul","copilot.tools.findTestFiles.description":"Kaynak kod dosyası için, testleri içeren dosyayı bulun. Test dosyası için, test kapsamındaki kodu içeren dosyayı bulun","copilot.tools.findTestFiles.name":"Test Dosyalarını bul","copilot.tools.findTextInFiles.name":"Dosyalarda Metin bul","copilot.tools.getChangedFiles.name":"Git Değişiklikleri","copilot.tools.getDocInfo.description":"Sınıf veya işlev gibi bir sembol için, nasıl belgeleyebileceğinizle ilgili bilgileri bulun","copilot.tools.getDocInfo.name":"Belge Bilgileri","copilot.tools.getErrors.name":"Sorunları Getir","copilot.tools.getNotebookCellOutput.description":"Daha önce yürütülen bir hücrenin çıkışını okuyun","copilot.tools.getNotebookCellOutput.name":"Not Defteri Hücresi Çıkışını Getir","copilot.tools.getTerminalOutput.name":"Terminal Çıkışını getir","copilot.tools.getVSCodeAPI.name":"VS Code API Referanslarını Getir","copilot.tools.insertEdit.name":"Dosyayı düzenle","copilot.tools.listCodeUsages.name":"Kullanımları bul","copilot.tools.listDirectory.name":"Dizini listele","copilot.tools.newJupyterNotebook.description":"Yeni bir Jupyter Notebook oluştur","copilot.tools.openSimpleBrowser.description":"Yerel olarak barındırılan web sitesini Basit Tarayıcıda önizleyin","copilot.tools.openSimpleBrowser.name":"Basit Tarayıcı aç","copilot.tools.readFile.name":"Dosyayı oku","copilot.tools.readProjectStructure.name":"Proje Yapısı","copilot.tools.replaceString.name":"Dosyadaki Dizeyi Değiştir","copilot.tools.runInTerminal.name":"Terminal’de çalıştır","copilot.tools.runNotebookCell.description":"Not defteri dosyasındaki bir hücrenin yürütülmesini tetikle","copilot.tools.runNotebookCell.name":"Not Defteri Hücresini Çalıştır","copilot.tools.runTests.name":"Testleri çalıştır","copilot.tools.searchCodebase.name":"Codebase","copilot.tools.searchWorkspaceSymbols.name":"Çalışma Alanı Sembolleri","copilot.tools.testFailure.name":"Test Hatası","copilot.tools.think.name":"Düşün","copilot.tools.updateUserPreferences.name":"Kullanıcı Tercihlerini güncelleştir","copilot.vscode.api.description":"VS Code uzantı geliştirme hakkında soru sorun","copilot.vscode.api.sampleRequest":"Durum çubuğuna nasıl metin eklerim?","copilot.vscode.description":"VS Code hakkında soru sorun","copilot.vscode.sampleRequest":"Tümleşik terminali açma komutu nedir?","copilot.vscode.search.description":"Çalışma alanı araması için sorgu parametreleri oluştur","copilot.vscode.search.sampleRequest":"'src' dizinimin altındaki tüm dosyalarda 'foo' araması yap","copilot.vscode.setupTests.description":"Projenizde testler kurun (Deneysel)","copilot.vscode.setupTests.sampleRequest":"projeme playwright testleri ekle","copilot.vscode.startDebugging.description":"VS Code'da (Deneysel) başlatma yapılandırması oluşturma ve hata ayıklamaya başlama","copilot.vscode.startDebugging.sampleRequest":"9229 bağlantı noktasında düğüm uygulamasına ekle","copilot.vscode.tool.description":"VS Code uzantısı geliştirme ile ilgili soruları yanıtlamak için VS Code API başvurularını kullanın.","copilot.workspace.description":"Çalışma alanınız hakkında soru sorun","copilot.workspace.doc.description":"Bu sembol için belge açıklaması ekle","copilot.workspace.edit.description":"Dosyaları çalışma alanınızda düzenleyin","copilot.workspace.edit.inline.description":"Etkin düzenleyicinizin seçili kodunu düzenleyin","copilot.workspace.explain.description":"Etkin düzenleyicinizin kodunun nasıl çalıştığını açıklayın","copilot.workspace.fix.description":"Seçili koddaki sorunlar için bir düzeltme öner","copilot.workspace.fix.sampleRequest":"Bu kodda bir sorun var. Düzeltilen hatayı göstererek kodu yeniden yaz.","copilot.workspace.generate.description":"Yeni kod oluştur","copilot.workspace.new.description":"Bir çalışma alanındaki yeni bir dosya veya proje için yapı iskelesi kodu","copilot.workspace.new.sampleRequest":"Typescript kullanarak RESTful API sunucusu oluştur","copilot.workspace.newNotebook.description":"Yeni bir Jupyter Notebook oluştur","copilot.workspace.newNotebook.sampleRequest":"CVS dosyasından veri yüklemek için not defteri nasıl oluştururum?","copilot.workspace.review.description":"Etkin düzenleyicinizin seçili kodunu gözden geçirin","copilot.workspace.sampleRequest":"Bu projeyi nasıl derlerim?","copilot.workspace.semanticSearch.description":"Sorgunuzla ilgili kodları bulun","copilot.workspace.semanticSearch.sampleRequest":"Araç çubuğu kodu nerede?","copilot.workspace.tests.description":"Seçili kod için birim testleri oluştur","copilot.workspaceSymbols.tool.description":"Dil hizmetlerini kullanarak çalışma alanı sembollerini arayın.","github.copilot.badge.signUp":"GitHub Copilot'a oturum aç","github.copilot.badge.star":"GitHub'da Star Copilot","github.copilot.badge.twitter":"GitHub'ı Twitter'da takip edin","github.copilot.badge.youtube":"GitHub'a YouTube'da göz at","github.copilot.chat.completionContext.typescript.mode":"TypeScript Copilot bağlam sağlayıcısının yürütme modu.","github.copilot.chat.copilotDebugCommand.enabled":"Terminalde 'copilot-debug' komutunun etkinleştirilip etkinleştirilmediğini belirtir.","github.copilot.chat.editor.temporalContext.enabled":"Satır içi sohbet isteğinde copilot istekleriyle son zamanlarda görüntülenen ve düzenlenen dosyaların ekleyip eklemeyişi.","github.copilot.chat.edits.suggestRelatedFilesForTests":"Copilot Düzenlemeleri çalışma kümesi için test dosyalarından kaynak dosyaların önerilip önerilmeyeceği.","github.copilot.chat.edits.temporalContext.enabled":"Düzenleme isteğinde bulunmak için son zamanlarda görüntülenilen ve düzenlenen dosyaların Copilot istekleriyle birlikte dahil ediliyor olup olmadığını belirtir.","github.copilot.chat.languageContext.fix.typescript.enabled":"/fix komutları için TypeScript dil bağlamı sağlayıcısını etkinleştirir","github.copilot.chat.languageContext.inline.typescript.enabled":"Satır içi sohbetler için TypeScript dil bağlamı sağlayıcısını etkinleştirir (hem oluşturma hem de düzenleme için)","github.copilot.chat.languageContext.typescript.cacheTimeout":"Milisaniye cinsinden TypeScript dil bağlamı sağlayıcısı için önbellek doldurma zaman aşımı. Varsayılan değer 500 milisaniyedir.","github.copilot.chat.languageContext.typescript.enabled":"Satır içi tamamlamalar için TypeScript dil bağlamı sağlayıcısını etkinleştirir","github.copilot.command.applyReviewSuggestion":"Uygula","github.copilot.command.applyReviewSuggestionAndNext":"Uygula ve Sonrakine Git","github.copilot.command.applySuggestionWithCopilot":"Öneriyi Copilot ile Uygula","github.copilot.command.attachTerminalSelection":"Terminal Seçimini Sohbete Ekle","github.copilot.command.buildLocalWorkspaceIndex":"Yerel Çalışma Alanı Dizini Oluştur","github.copilot.command.buildRemoteWorkspaceIndex":"Uzak Çalışma Alanı Dizini Oluştur","github.copilot.command.collectDiagnostics":"GitHub Copilot Chat Tanılama","github.copilot.command.collectWorkspaceIndexDiagnostics":"Çalışma Alanı Dizini Tanılama Verilerini Topla","github.copilot.command.continueReviewInChat":"Sohbet Panelinde Görüntüle","github.copilot.command.continueReviewInInlineChat":"At ve Satır İçi Sohbete Kopyala","github.copilot.command.discardAllReviewSuggestion":"Tümünü at","github.copilot.command.discardReviewSuggestion":"At","github.copilot.command.discardReviewSuggestionAndNext":"At ve Sonrakine Git","github.copilot.command.explainTerminalLastCommand":"Son Terminal Komutunu Açıkla","github.copilot.command.explainTerminalSelection":"Terminal Seçim’i Açıklayın","github.copilot.command.explainTerminalSelectionContextMenu":"Açıklayın","github.copilot.command.explainThis":"Açıkla","github.copilot.command.fixTestFailure":"Test Hatasını Düzelt","github.copilot.command.fixThis":"Düzelt","github.copilot.command.generateConfiguration":"GitHub Copilot ile Hata Ayıklama Yapılandırması Oluştur","github.copilot.command.generateDocs":"Belge Oluştur","github.copilot.command.generateSTest":"Son Sohbet İsteğinden STest Oluştur","github.copilot.command.generateTests":"Test Oluştur","github.copilot.command.generateThis":"Bunu Oluştur","github.copilot.command.gotoNextReviewSuggestion":"Sonraki Öneri","github.copilot.command.gotoPreviousReviewSuggestion":"Önceki Öneri","github.copilot.command.helpfulReviewSuggestion":"Yardımcı oldu","github.copilot.command.logWorkbenchState":"Workbench Durumunu Günlüğe Kaydet","github.copilot.command.openUserPreferences":"Kullanıcı Tercihlerini Aç","github.copilot.command.openWalkthrough":"Kılavuzu Aç","github.copilot.command.rerunWithCopilotDebug":"Son Terminal Komutunun Hatalarını Ayıkla","github.copilot.command.reviewAndComment":"Gözden Geçir ve Açıkla","github.copilot.command.reviewChanges":"Copilot Kod İncelemesi - İşlenmemiş Değişiklikler","github.copilot.command.reviewChanges.cancel":"Copilot Kod İncelemesi - İptal","github.copilot.command.reviewStagedChanges":"Copilot Kod İncelemesi - Hazırlanmış Değişiklikler","github.copilot.command.reviewUnstagedChanges":"Copilot Kod İncelemesi - Hazırlanmamış Değişiklikler","github.copilot.command.sendChatFeedback":"Sohbet Geri Bildirimi Gönder","github.copilot.command.showNotebookLog":"Sohbet Günlüğü Not Defterini Göster","github.copilot.command.unhelpfulReviewSuggestion":"Yardımcı olmadı","github.copilot.config.agent.currentEditorContext.enabled":"Etkin durumdayken, Copilot aracı modu bağlamında geçerli etkin düzenleyicinin adını içerir.","github.copilot.config.agent.runTasks":"Copilot Edits'in çalışma alanı görevlerini aracı modunda çalıştırıp çalıştıramayacağını yapılandırır.","github.copilot.config.agent.thinkingTool":"Aracı modunda bir yanıt oluşturmadan önce Copilot'ın isteğiniz hakkında derinlemesine düşünmesine olanak tanıyan düşünme aracını etkinleştirir.","github.copilot.config.autoFix":"Düzenlenen dosyalar için tanılamaları otomatik olarak düzeltin.","github.copilot.config.byok.ollamaEndpoint":"Kendi anahtarını getir aracılığıyla erişildiğinde Ollama için kullanılacak uç nokta. Varsayılan olarak localhost değerine sahiptir.","github.copilot.config.codeGeneration.instruction.file":"Kod üreten Copilot isteklerine eklenecek bir dosyanın yolu. İsteğe bağlı olarak, yönerge için bir dil belirtebilirsiniz.","github.copilot.config.codeGeneration.instruction.text":"Kod üreten Copilot isteklerine eklenecek bir metin yönergesi. İsteğe bağlı olarak, yönerge için bir dil belirtebilirsiniz.","github.copilot.config.codeGeneration.instructions":"Kod üreten Copilot isteklerine eklenecek yönergeler.\nYönergelerin kaynağı: \n- çalışma alanında bir dosya: `{ \"file\": \"fileName\" }`\n- doğal dilde metin: `{ \"text\": \"Use underscore for field names.\" }`\n\nNot: Yönergelerinizin kısa ve net olduğundan emin olun. Kötü yönergeler Copilot'un kalitesini ve performansını düşürebilir.","github.copilot.config.codeGeneration.useInstructionFiles":"Copilot isteklerine `.github/copilot-instructions.md` öğesinden gelen kod yönergelerinin eklenip eklenmeyeceğini denetler.\n\nNot: Yönergelerinizin kısa ve net olduğundan emin olun. Yetersiz hazırlanmış yönergeler Copilot’un kalitesini ve performansını düşürebilir. Copilot’u özelleştirme hakkında [daha fazla bilgi edinin](https://aka.ms/github-copilot-custom-instructions).","github.copilot.config.codesearch.enabled":"`#codebase` kullanılırken aracılı kod aramasının etkinleştirilip etkinleştirilmeyeceği.","github.copilot.config.commitMessageGeneration.instruction.file":"İşleme iletileri oluşturan Copilot isteklerine eklenecek yönergeleri içeren dosyanın yolu.","github.copilot.config.commitMessageGeneration.instruction.text":"İşleme iletileri oluşturan Copilot isteklerine eklenecek yönergeler metin yönergeleri.","github.copilot.config.commitMessageGeneration.instructions":"İşleme iletileri oluşturan Copilot isteklerine eklenecek yönergeler kümesi.\nYönergelerin kaynağı: \n- çalışma alanında bir dosya: `{ \"file\": \"fileName\" }`\n- doğal dilde metin: `{ \"text\": \"Use conventional commit message format.\" }`\n\nNot: Yönergelerinizin kısa ve net olduğundan emin olun. Yetersiz hazırlanmış yönergeler Copilot'un kalitesini ve performansını düşürebilir.","github.copilot.config.debugTerminalCommandPatterns":"\"Hata Ayıklama Komutu\" hızlı düzeltme eyleminin hata ayıklama terminalinde gösterilmesi gereken komutların listesi.","github.copilot.config.debugTerminalCommands":"Hata ayıklama terminali ve 'copilot-debug' komutunda hızlı düzeltme ipuçları olup olmadığını belirtir.","github.copilot.config.edits.codesearch.enabled":"Bu ayar, `#github.copilot.chat.codesearch.enabled#` kullanılması için kullanımdan kaldırıldı.","github.copilot.config.edits.enabled":"Copilot Düzenlemeleri özelliğinin etkinleştirilip etkinleştirilmeyeceği.","github.copilot.config.edits.suggestRelatedFilesFromGitHistory":"Copilot Düzenlemeleri çalışma kümesi için git geçmişinden ilgili dosyaların önerilip önerilmeyeceği.","github.copilot.config.editsNewNotebook.enabled":"Copilot Edits'te yeni not defteri aracının etkinleştirilip etkinleştirilmeyeceği.","github.copilot.config.enableCodeActions":"Kullanılabilir olduğunda Copilot komutlarının Kod Eylemleri olarak gösterilip gösterilmeyeceğini denetler","github.copilot.config.enableUserPreferences":"Aracı modunda kullanıcı tercihlerini anımsama etkinleştir.","github.copilot.config.experimental.testGeneration.instruction.file":"Testler üreten Copilot isteklerine eklenecek bir dosyanın yolu. İsteğe bağlı olarak, yönerge için bir dil belirtebilirsiniz.","github.copilot.config.experimental.testGeneration.instruction.text":"Testler üreten Copilot isteklerine eklenecek bir metin yönergesi. İsteğe bağlı olarak, yönerge için bir dil belirtebilirsiniz.","github.copilot.config.generateTests.codeLens":"Geçerli test kapsamı bilgileri dahilinde olmayan semboller için 'Test oluştur' kod lensini göster.","github.copilot.config.localeOverride":"Copilot’ın yanıt vermesini istediğiniz yerel dili belirtin, örneğin `en` veya `fr`. Varsayılan olarak, Copilot, VS Code’un görüntüleme dili için yapılandırılan yerel dili kullanarak yanıt verir.","github.copilot.config.newWorkspaceCreation.enabled":"Yeni aracılı çalışma alanı oluşturmanın etkinleştirilip etkinleştirilmeyeceği.","github.copilot.config.notebook.followCellExecution":"Yürütülmekte olan hücrenin Copilot'tan yürütüldüğünde görünüm alanında gösterilip gösterilmeyeceğini kontrol eder.","github.copilot.config.pullRequestDescriptionGeneration.instruction.file":"Çekme isteği başlıkları ve açıklamaları oluşturan Copilot isteklerine eklenecek yönergeleri içeren dosyanın yolu.","github.copilot.config.pullRequestDescriptionGeneration.instruction.text":"Çekme isteği başlıkları ve açıklamaları oluşturmak için Copilot isteklerine eklenecek metin yönergeleri.","github.copilot.config.pullRequestDescriptionGeneration.instructions":"Çekme isteği başlıkları ve açıklamaları oluşturan Copilot isteklerine eklenecek yönergeler kümesi.\nYönergelerin kaynağı: \n- çalışma alanındaki bir dosya: `{ \"file\": \"fileName\" }`\n- doğal dilde metin: `{ \"text\": \"Her zaman önemli değişikliklerin listesini ekle.\" }`\n\nNot: Yönergelerinizin kısa ve net olduğundan emin olun. Yetersiz hazırlanmış yönergeler Copilot’un kalitesini ve performansını düşürebilir.","github.copilot.config.renameSuggestions.triggerAutomatically":"Copilot'ın yeniden adlandırma için öneriler oluşturup oluşturmayacağını denetler","github.copilot.config.reviewSelection.enabled":"Geçerli seçimde kod gözden geçirmesini etkinleştir.","github.copilot.config.reviewSelection.instruction.file":"Geçerli seçim için kod gözden geçirmesi sağlayan Copilot isteklerine eklenecek bir dosyaya yol. İsteğe bağlı olarak, yönerge için bir dil belirtebilirsiniz.","github.copilot.config.reviewSelection.instruction.text":"Geçerli seçim için kod gözden geçirmesi sağlayan Copilot isteklerine eklenecek bir metin yönergesi. İsteğe bağlı olarak, yönerge için bir dil belirtebilirsiniz.","github.copilot.config.reviewSelection.instructions":"Geçerli seçim için kod gözden geçirmesi sağlayan Copilot isteklerine eklenecek bir yönerge kümesi.\nYönergelerin kaynağı: \n- çalışma alanında bir dosya: `{ \"file\": \"fileName\" }`\n- doğal dilde metin: `{ \"text\": \"Use underscore for field names.\" }`\n\nNot: Yönergelerinizin kısa ve net olduğundan emin olun. Kötü yönergeler Copilot'ın verimliliğini düşürebilir.","github.copilot.config.scopeSelection":"Kullanıcı `/explain` komutunu kullanıyorsa ve etkin düzenleyici seçim içermiyorsa kullanıcıdan belirli bir sembolü seçmesinin istenip istenmeyeceğini belirler.","github.copilot.config.setupTests.enabled":"“/setupTests” amacını ve “/tests” oluşturmada istemi etkinleştirir.","github.copilot.config.startDebugging.enabled":"Panel sohbetinde “/startDebugging” amacını etkinleştirir. Sorguyla (varsa), proje yapısıyla ve diğer bileşenlerle eşleştirme için başlatma yapılandırmasını oluşturur veya bulur.","github.copilot.config.summarizeAgentConversationHistory.enabled":"Bağlam penceresi doldurulduktan sonra aracı konuşma geçmişinin otomatik olarak özetlenip özetlenmeyeceğini belirtir.","github.copilot.config.terminalChatLocation":"Terminalden gelen sohbet sorgularının açılmasının gerekip gerekmediğini denetler.","github.copilot.config.terminalChatLocation.chatView":"Sohbet görünümünü açın.","github.copilot.config.terminalChatLocation.quickChat":"Hızlı sohbeti açın.","github.copilot.config.terminalChatLocation.terminal":"Terminal satır içi sohbeti aç","github.copilot.config.testGeneration.instructions":"Testler üreten Copilot isteklerine eklenecek yönergeler.\nYönergelerin kaynağı: \n- çalışma alanında bir dosya: `{ \"file\": \"fileName\" }`\n- doğal dilde metin: `{ \"text\": \"Use underscore for field names.\" }`\n\nNot: Yönergelerinizin kısa ve net olduğundan emin olun. Kötü yönergeler Copilot'un kalitesini ve performansını düşürebilir.","github.copilot.config.useProjectTemplates":"`/new` komutunu kullanırken ilgili GitHub projelerini başlangıç projesi olarak kullan","github.copilot.devcontainer.generateDevContainerConfig":"Copilot Geliştirme Kapsayıcısı Yapılandırması Oluşturun","github.copilot.git.generateCommitMessage":"Copilot ile İşleme İletisi oluştur","github.copilot.icon":"GitHub Copilot simgesi","github.copilot.nextEditSuggestions.enabled":"Sonraki düzenleme önerilerinin (NES) etkinleştirilip etkinleştirilmeyeceğini belirtir.\n\nNES, son değişikliklerinize göre bir sonraki düzenlemeyi önerebilir. Sonraki düzenleme önerileri hakkında [daha fazla bilgi edinin](https://aka.ms/vscode-nes).","github.copilot.nextEditSuggestions.fixes":"Sonraki düzenleme önerileri (NES) aracılığıyla tanılama için düzeltmelerin teklif edilip edilmeyeceğini belirtir.","github.copilot.resetAutomaticCommandExecutionPrompt":"Otomatik Komut Yürütme İstemini Sıfırla","github.copilot.submenu.copilot.label":"Copilot","github.copilot.submenu.reviewComment.applyAndNext.label":"Uygula ve Sonrakine Git","github.copilot.submenu.reviewComment.discard.label":"At","github.copilot.submenu.reviewComment.discardAndNext.label":"At ve Sonrakine Git","github.copilot.tools.createAndRunTask.description":"Çalışma alanında bir görev oluşturun ve çalıştırın","github.copilot.tools.createAndRunTask.name":"Görev Oluştur ve Çalıştır","github.copilot.tools.createAndRunTask.userDescription":"Çalışma alanında bir görev oluşturun ve çalıştırın","github.copilot.tools.createNewWorkspace.name":"Yeni Çalışma Alanı Oluşturma","github.copilot.tools.createNewWorkspace.userDescription":"VS Code'da yeni bir çalışma alanı oluşturun","github.copilot.tools.getProjectSetupInfo.name":"Proje Kurulum Bilgilerini Al","github.copilot.tools.githubRepo.name":"GitHub Deposunda Ara","github.copilot.tools.githubRepo.userDescription":"İlgili kaynak kod parçacıkları için bir GitHub deposunda arama yapar. `Sahip/depo` kullanarak bir depo belirtebilirsiniz","github.copilot.tools.openEmptyFolder.name":"VS Code çalışma alanı olarak boş bir klasör açın.","github.copilot.tools.searchResults.description":"Arama görünümünde sonuçlar","github.copilot.tools.searchResults.name":"Görünüm Sonuçlarında Ara","github.copilot.tools.terminalLastCommand.description":"Etkin terminalin son çalıştırma komutu","github.copilot.tools.terminalLastCommand.name":"Terminal Son Komutu","github.copilot.tools.terminalSelection.description":"Etkin terminalin seçimi","github.copilot.tools.terminalSelection.name":"Terminal Seçimi","github.copilot.viewsWelcome.chatDisabled":"GitHub Copilot Sohbeti şu anda bir kuruluş yöneticisi tarafından hesabınız için devre dışı bırakıldı. Sohbeti etkinleştirmek için kuruluş yöneticisine başvurun.\n\n[Daha Fazla Bilgi](https://docs.github.com/en/copilot/managing-copilot/managing-github-copilot-in-your-organization/managing-github-copilot-features-in-your-organization/managing-policies-for-copilot-in-your-organization)","github.copilot.viewsWelcome.contactSupport":"Hesabınızla ilgili bir sorun var gibi görünüyor. Lütfen GitHub desteğine başvurun.\n\n[Desteğe Başvurun](https://support.github.com/?editor=vscode)","github.copilot.viewsWelcome.debug":"GitHub Copilot Sohbeti, ya [terminal komutu](command:github.copilot.chat.startCopilotDebugCommand) ya da [etkileşimli sohbet](command:workbench.action.chat.open?%7B%22query%22%3A%22%40vscode%20%2FstartDebugging%20%22%2C%22isPartialQuery%22%3Atrue%7D) kullanarak hata ayıklamaya başlamanıza yardımcı olabilir.","github.copilot.viewsWelcome.enterprise":"Copilot'ı etkinleştirmek için GitHub kuruluş yöneticinize başvurun.","github.copilot.viewsWelcome.individual.expired":"Copilot aboneliğinizin süresi doldu.\n\n[Copilot Ayarlarını Gözden Geçirin](https://github.com/settings/copilot?editor=vscode)","github.copilot.viewsWelcome.offline":"Şu anda çevrimdışı durumdasınız. GitHub Copilot'ı kullanmak için lütfen İnternet'e bağlanın.\n\n[Bağlantıyı Yeniden Dene](command:github.copilot.refreshToken)","github.copilot.viewsWelcome.signIn":"Copilot AI özelliklerini kullanmak için oturum açın.\n\n[Copilot'ı kullanmak için oturum açın](command:workbench.action.chat.triggerSetup)","github.copilot.viewsWelcome.switchToReleaseChannel":"GitHub Copilot Chat uzantısının Yayın Öncesi sürümü şu anda VS Code'un kararlı sürümünde desteklenmiyor. Lütfen GitHub Copilot Chat için yayın sürümüne geçin veya VS Code Insiders'ı deneyin.\n\n[Yayın Sürümüne Geçiş Yap ve Yeniden Yükle](command:runCommands?%7B%22commands%22%3A%5B%7B%22command%22%3A%22workbench.extensions.action.switchToRelease%22%2C%22args%22%3A%5B%22GitHub.copilot-chat%22%5D%7D%2C%22workbench.action.reloadWindow%22%5D%7D)\n\n[VS Code Insiders'a Geçin](https://aka.ms/vscode-insiders)","github.copilot.walkthrough.description":"Daha hızlı ve daha akıllı kod yazmak için yapay zeka çifti programlayıcınız","github.copilot.walkthrough.edits.description":"Çalışmak istediğiniz dosyaları seçmek ve yapmak istediğiniz değişiklikleri açıklamak için **Copilot Düzenlemeleri** seçeneğini kullanın. Copilot bunları doğrudan dosyalarınıza uygular.\n[Copilot ile düzenle](command:workbench.action.chat.open?%7B%22mode%22%3A%22edit%22%7D)","github.copilot.walkthrough.edits.media.altText":"Video, kullanıcının dosyaları sürükleyip ikincil kenar çubuğunda yer alan Copilot Edits giriş kutusuna bırakmasını gösteriyor. Daha sonra Copilot dosyayı kullanıcının isteğine göre güncelleştiriyor.","github.copilot.walkthrough.edits.title":"Doğal bir dil kullanarak değişiklikler yapın","github.copilot.walkthrough.firstSuggest.description":"Düzenleyicide yazarken, Copilot, başlatmış olduğu işlemi tamamlamanıza yardımcı olmak için kod önerir.","github.copilot.walkthrough.firstSuggest.media.altText":"Video, Copilot’un kullanıcının kodunu tamamlamasına yardımcı olmak için kod önerdiği farklı Copilot tamamlamalarını gösteriyor.","github.copilot.walkthrough.firstSuggest.title":"Yapay zeka tarafından önerilen kod tamamlamaları","github.copilot.walkthrough.inlineChatMac.description":"Bazen, doğrudan bir dosyanın içinde yazmak istediğiniz kodu açıklamak daha kolaydır.\nİmlecinizi yerleştirin veya bir bölümü seçin ve **Satır İçi Sohbet** seçeneğini açmak için **''Cmd+I''** tuşlarını kullanın.","github.copilot.walkthrough.inlineChatMac.media.altText":"Video, kullanıcının satır içi sohbet arabirim öğesini çağırmasını ve Copilot’tan doğal dili kullanarak dosyada bir değişiklik yapmasını istemesini gösteriyor. Daha sonra Copilot istenen değişikliği yapıyor","github.copilot.walkthrough.inlineChatMac.title":"Dosyalarınızda doğal bir dil kullanın","github.copilot.walkthrough.inlineChatNotMac.description":"Bazen, doğrudan bir dosyanın içinde yazmak istediğiniz kodu açıklamak daha kolaydır.\nİmlecinizi yerleştirin veya bir bölümü seçin ve **Satır İçi Sohbet** seçeneğini açmak için **''Ctrl+I''** tuşlarını kullanın.","github.copilot.walkthrough.inlineChatNotMac.media.altText":"Düzenleyicide satır içi Sohbet görünümü. Video, kullanıcının satır içi sohbet arabirim öğesini çağırmasını ve Copilot’tan doğal dili kullanarak dosyada bir değişiklik yapmasını istemesini gösteriyor. Daha sonra Copilot istenen değişikliği yapıyor","github.copilot.walkthrough.inlineChatNotMac.title":"Dosyalarınızda doğal bir dil kullanın","github.copilot.walkthrough.panelChat.description":"**@Çalışma alanını** kullanarak Copilot’a programlama sorularını sorun veya kodunuzla ilgili yardım alın.\n Doğrudan sohbet etmek istediğiniz her biri kendi alanında uzman olan tüm uygun sohbet katılımcılarını görmek için **@** yazın.\n[Copilot ile sohbet](command:workbench.action.chat.open?%7B%22mode%22%3A%22ask%22%7D)","github.copilot.walkthrough.panelChat.media.altText":"Kullanıcı, kod tabanını anlamak için ikincil kenar çubuğundaki Copilot Chat panelinde @çalışma alanını çağırıyor. Copilot ilgili bilgileri alıyor ve dosyalara bağlantılar içeren bir yanıt sunuyor.","github.copilot.walkthrough.panelChat.title":"Kodunuz hakkında sohbet edin","github.copilot.walkthrough.setup.noAction.description":"Doğal dil aracılığıyla birden çok dosyada kod oluşturmak, hataları düzeltmek, kodunuzla ilgili sorular sormak ve çok daha fazlasını yapmak için Copilot’u kullanabilirsiniz.\n Şimdi GitHub hesabınızla [Copilot’u ücretsiz olarak](https://github.com/features/copilot/plans) sunuyoruz.","github.copilot.walkthrough.setup.signIn.description":"Doğal dil aracılığıyla birden çok dosyada kod oluşturmak, hataları düzeltmek, kodunuzla ilgili sorular sormak ve çok daha fazlasını yapmak için Copilot’ı kullanabilirsiniz.\n Şimdi GitHub hesabınızla [Ücretsiz Copilot](https://github.com/features/copilot/plans) sunuyoruz.\n\n[Copilot’ı Ücretsiz Kullanın](command:workbench.action.chat.triggerSetup)","github.copilot.walkthrough.setup.signIn.title":"Copilot’u ücretsiz olarak kullanmak için oturum açın","github.copilot.walkthrough.setup.signUp.description":"Doğal dil aracılığıyla birden çok dosyada kod oluşturmak, hataları düzeltmek, kodunuzla ilgili sorular sormak ve çok daha fazlasını yapmak için Copilot’ı kullanabilirsiniz.\n Şimdi GitHub hesabınızla [Ücretsiz Copilot](https://github.com/features/copilot/plans) sunuyoruz.\n\n[Copilot’ı Ücretsiz Kullanın](command:workbench.action.chat.triggerSetup)","github.copilot.walkthrough.setup.signUp.title":"Kullanmaya başlayın Copilot ile ücretsiz olarak deneyin","github.copilot.walkthrough.signIn.description":"Copilot'ı kullanmaya başlamak için GitHub hesabınızla oturum açın.\nDoğru GitHub hesabını kullandığınızdan emin olun. Daha sonra hesap menüsünü kullanarak da oturum açabilirsiniz.\n\n[Oturum Aç](command:github.copilot.signIn)","github.copilot.walkthrough.signIn.media.altText":"Bu kılavuz veya VS Code’un hesap menüsü aracılığıyla GitHub’da oturum açın","github.copilot.walkthrough.signIn.title":"GitHub ile oturum aç","github.copilot.walkthrough.sparkle.description":"Copilot, VS Code arayüzü boyunca yapay zeka destekli akıllı eylemlerle kodlama deneyiminizi iyileştirir.\nCopilot'ın kod değişikliklerine göre işleme mesajları ve PR açıklamaları oluşturduğu [Kaynak Kontrol görünümü](command:workbench.view.scm) bölümünde olduğu gibi $(sparkle) simgelerini arayın.\n\n[İpuçları ve Püf Noktalarını Keşfet](https://code.visualstudio.com/docs/copilot/copilot-vscode-features)","github.copilot.walkthrough.sparkle.media.altText":"Video, kaynak denetimi giriş kutusunda kıvılcım simgesine tıklanmasını ve GitHub Copilot’un otomatik olarak bir işleme iletisi oluşturmasını gösteriyor.","github.copilot.walkthrough.sparkle.title":"Akıllı eylemlere göz atın","github.copilot.walkthrough.title":"GitHub Copilot"}
