{"copilot.agent.description":"Bearbeiten von Dateien in Ihrem Arbeitsbereich im Agentmodus","copilot.codebase.tool.description":"Suchen Sie relevante Dateiblöcke, Symbole und andere Informationen in Ihrer Codebasis","copilot.description":"Copilot fragen","copilot.edits.description":"Dateien in Ihrem Arbeitsbereich bearbeiten","copilot.listCodeUsages.tool.description":"Finden Sie Verweise, Definitionen und andere Verwendungen eines Symbols","copilot.terminal.description":"Copilot fragen","copilot.terminal.explain.description":"Erläutern Sie etwas im Terminal","copilot.terminal.explain.sampleRequest":"Erläutern Sie den letzten Befehl","copilot.terminal.sampleRequest":"Wie zeige ich alle Dateien innerhalb eines Verzeichnisses an, einschließlich Unterverzeichnissen?","copilot.terminalPanel.description":"Fragen Sie, wie Sie etwas im Terminal tun können.","copilot.testFailure.tool.description":"Enthält Informationen über den letzten Fehler beim Komponententest","copilot.toolSet.editing.description":"Dateien in Ihrem Arbeitsbereich bearbeiten","copilot.toolSet.new.description":"Einen neuen Arbeitsbereich in VS Code einrichten.","copilot.toolSet.runCommand.description":"Befehle im Terminal ausführen","copilot.toolSet.runNotebook.description":"Notebookzellen ausführen","copilot.toolSet.runTasks.description":"Aufgaben in Ihrem Arbeitsbereich ausführen","copilot.toolSet.search.description":"Dateien in Ihrem Arbeitsbereich suchen und lesen","copilot.tools.applyPatch.description":"Textdateien im Arbeitsbereich bearbeiten","copilot.tools.applyPatch.name":"Patch anwenden","copilot.tools.changes.description":"Unterschiede zu geänderten Dateien abrufen","copilot.tools.createDirectory.name":"Verzeichnis erstellen","copilot.tools.createFile.name":"Datei erstellen","copilot.tools.editNotebook.name":"Notizbuch bearbeiten","copilot.tools.errors.description":"Fehler für eine bestimmte Datei überprüfen","copilot.tools.fetchWebPage.description":"Rufen Sie den Hauptinhalt von einer Webseite ab. Sie sollten die URL der Seite angeben, die Sie abrufen möchten.","copilot.tools.fetchWebPage.name":"Website abrufen","copilot.tools.findFiles.name":"In Dateien suchen","copilot.tools.findTestFiles.description":"Für eine Quellcodedatei suchen Sie die Datei, die die Tests enthält. Für eine Testdatei suchen Sie die Datei, die den getesteten Code enthält.","copilot.tools.findTestFiles.name":"Testdateien suchen","copilot.tools.findTextInFiles.name":"Suchen von Text in Dateien","copilot.tools.getChangedFiles.name":"Git-Änderungen","copilot.tools.getDocInfo.description":"Für ein Symbol wie eine Klasse oder Funktion finden Sie Informationen zur Dokumentation.","copilot.tools.getDocInfo.name":"Dokumentinformationen","copilot.tools.getErrors.name":"Probleme abrufen","copilot.tools.getNotebookCellOutput.description":"Ausgabe einer zuvor ausgeführten Zelle lesen","copilot.tools.getNotebookCellOutput.name":"Zellenausgabe aus Notizbuch abrufen","copilot.tools.getTerminalOutput.name":"Terminalausgabe abrufen","copilot.tools.getVSCodeAPI.name":"VS Code-API-Referenzen abrufen","copilot.tools.insertEdit.name":"Datei bearbeiten","copilot.tools.listCodeUsages.name":"Verwendungen suchen","copilot.tools.listDirectory.name":"Verzeichnis auflisten","copilot.tools.newJupyterNotebook.description":"Einen neuen Jupyter Notebook erstellen","copilot.tools.openSimpleBrowser.description":"Vorschau einer lokal gehosteten Website im einfachen Browser.","copilot.tools.openSimpleBrowser.name":"Einfachen Browser öffnen","copilot.tools.readFile.name":"Datei lesen","copilot.tools.readProjectStructure.name":"Projektstruktur","copilot.tools.replaceString.name":"Zeichenfolge in Datei ersetzen","copilot.tools.runInTerminal.name":"In Terminal ausführen","copilot.tools.runNotebookCell.description":"Ausführung einer Zelle in einer Notizbuchdatei auslösen","copilot.tools.runNotebookCell.name":"Notebook-Zelle ausführen","copilot.tools.runTests.name":"Tests ausführen","copilot.tools.searchCodebase.name":"Codebasis","copilot.tools.searchWorkspaceSymbols.name":"Arbeitsbereichssymbole","copilot.tools.testFailure.name":"Testfehler","copilot.tools.think.name":"Denken","copilot.tools.updateUserPreferences.name":"Benutzereinstellungen aktualisieren","copilot.vscode.api.description":"Fragen zur Entwicklung von VS Code-Erweiterungen","copilot.vscode.api.sampleRequest":"Wie füge ich der Statusleiste Text hinzu?","copilot.vscode.description":"Fragen VS Code stellen","copilot.vscode.sampleRequest":"Wie lautet der Befehl zum Öffnen des integrierten Terminals?","copilot.vscode.search.description":"Abfrageparameter für Arbeitsbereichssuche generieren","copilot.vscode.search.sampleRequest":"In allen Dateien meinem Verzeichnis \"src\" nach \"foo\" suchen","copilot.vscode.setupTests.description":"Tests in Ihrem Projekt einrichten (experimentell)","copilot.vscode.setupTests.sampleRequest":"Playwright-Tests zu meinem Projekt hinzufügen","copilot.vscode.startDebugging.description":"Startkonfiguration generieren und Debuggen in VS Code starten (experimentell)","copilot.vscode.startDebugging.sampleRequest":"An Knoten-App an Port 9229 anfügen","copilot.vscode.tool.description":"Verwenden Sie VS Code API-Referenzen, um Fragen zur Entwicklung von VS Code-Erweiterung zu beantworten.","copilot.workspace.description":"Nach Ihrem Arbeitsbereich fragen","copilot.workspace.doc.description":"Dokumentationskommentar für dieses Symbol hinzufügen","copilot.workspace.edit.description":"Dateien in Ihrem Arbeitsbereich bearbeiten","copilot.workspace.edit.inline.description":"Bearbeiten des ausgewählten Codes in Ihrem aktiven Editor","copilot.workspace.explain.description":"Erläutern Sie, wie der Code in Ihrem aktiven Editor funktioniert.","copilot.workspace.fix.description":"Hiermit wird ein Fix für die Probleme im ausgewählten Code vorgeschlagen.","copilot.workspace.fix.sampleRequest":"In diesem Code liegt ein Problem vor. Schreiben Sie den Code neu, um ihn mit dem behobenen Fehler anzuzeigen.","copilot.workspace.generate.description":"Neuen Code generieren","copilot.workspace.new.description":"Code-Gerüst für eine neue Datei oder ein neues Projekt in einem Arbeitsbereich","copilot.workspace.new.sampleRequest":"RESTful-API-Servers mit TypeScript erstellen","copilot.workspace.newNotebook.description":"Einen neuen Jupyter Notebook erstellen","copilot.workspace.newNotebook.sampleRequest":"Wie erstelle ich ein Notebook, um Daten aus einer CSV-Datei zu laden?","copilot.workspace.review.description":"Ausgewählten Code in Ihrem aktiven Editor überprüfen","copilot.workspace.sampleRequest":"Wie erstelle ich dieses Projekt?","copilot.workspace.semanticSearch.description":"Suchen nach relevantem Code für Ihre Abfrage","copilot.workspace.semanticSearch.sampleRequest":"Wo befindet sich der Symbolleistencode?","copilot.workspace.tests.description":"Hiermit werden Komponententests für den ausgewählten Code generiert.","copilot.workspaceSymbols.tool.description":"Suchen Sie mithilfe von Sprachdiensten nach Arbeitsbereichssymbolen.","github.copilot.badge.signUp":"Für GitHub Copilot registrieren","github.copilot.badge.star":"Copilot auf GitHub mit Stern markieren","github.copilot.badge.twitter":"GitHub auf Twitter folgen","github.copilot.badge.youtube":"GitHub auf YouTube ansehen","github.copilot.chat.completionContext.typescript.mode":"Der Ausführungsmodus des TypeScript Copilot-Kontextanbieters.","github.copilot.chat.copilotDebugCommand.enabled":"Gibt an, ob der Befehl „copilot-debug“ im Terminal aktiviert ist.","github.copilot.chat.editor.temporalContext.enabled":"Bei der Inlinechatanforderung, ob zuletzt angezeigte und bearbeitete Dateien in Copilot-Anforderungen einbezogen werden sollen.","github.copilot.chat.edits.suggestRelatedFilesForTests":"Ob Quelldateien aus den Testdateien für den Arbeitssatz „Copilot Edits“ vorgeschlagen werden sollen.","github.copilot.chat.edits.temporalContext.enabled":"Beim Erstellen einer Bearbeitungsanforderung, ob zuletzt angezeigte und bearbeitete Dateien in Copilot-Anforderungen einbezogen werden sollen.","github.copilot.chat.languageContext.fix.typescript.enabled":"Aktiviert den TypeScript-Sprachkontextanbieter für /Fix-Befehle.","github.copilot.chat.languageContext.inline.typescript.enabled":"Aktiviert den TypeScript-Sprachkontextanbieter für Inlinechats (generieren und bearbeiten)","github.copilot.chat.languageContext.typescript.cacheTimeout":"Das Zeitlimit für die Cachebefüllung des TypeScript-Sprachkontextanbieters in Millisekunden. Der Standardwert beträgt 500 Millisekunden.","github.copilot.chat.languageContext.typescript.enabled":"Aktiviert den TypeScript-Sprachkontextanbieter für Inline-Vervollständigungen.","github.copilot.command.applyReviewSuggestion":"Anwenden","github.copilot.command.applyReviewSuggestionAndNext":"Anwenden und zum nächsten Wechseln","github.copilot.command.applySuggestionWithCopilot":"Vorschlag mit Copilot anwenden","github.copilot.command.attachTerminalSelection":"Terminalauswahl zum Chat hinzufügen","github.copilot.command.buildLocalWorkspaceIndex":"Index des lokalen Arbeitsbereichs erstellen","github.copilot.command.buildRemoteWorkspaceIndex":"Index für Remotearbeitsbereich erstellen","github.copilot.command.collectDiagnostics":"GitHub Copilot-Chatdiagnose","github.copilot.command.collectWorkspaceIndexDiagnostics":"Indexdiagnose des Arbeitsbereichs sammeln","github.copilot.command.continueReviewInChat":"Im Chatbereich anzeigen","github.copilot.command.continueReviewInInlineChat":"Verwerfen und Inlinechat kopieren","github.copilot.command.discardAllReviewSuggestion":"Alle verwerfen","github.copilot.command.discardReviewSuggestion":"Verwerfen","github.copilot.command.discardReviewSuggestionAndNext":"Verwerfen und zum nächsten Wechseln","github.copilot.command.explainTerminalLastCommand":"Befehl Letztes Terminal erklären","github.copilot.command.explainTerminalSelection":"Terminalauswahl erklären","github.copilot.command.explainTerminalSelectionContextMenu":"Erklären","github.copilot.command.explainThis":"Erklären","github.copilot.command.fixTestFailure":"Testfehler beheben","github.copilot.command.fixThis":"Korrigieren","github.copilot.command.generateConfiguration":"Debugkonfiguration mit GitHub Copilot generieren","github.copilot.command.generateDocs":"Dokumente generieren","github.copilot.command.generateSTest":"STest aus letzter Chatanforderung generieren","github.copilot.command.generateTests":"Tests generieren","github.copilot.command.generateThis":"Generieren Sie dies","github.copilot.command.gotoNextReviewSuggestion":"Nächster Vorschlag","github.copilot.command.gotoPreviousReviewSuggestion":"Vorheriger Vorschlag","github.copilot.command.helpfulReviewSuggestion":"Hilfreich","github.copilot.command.logWorkbenchState":"Zustand der Protokollarbeitsbank","github.copilot.command.openUserPreferences":"Benutzereinstellungen öffnen","github.copilot.command.openWalkthrough":"Exemplarische Vorgehensweise öffnen","github.copilot.command.rerunWithCopilotDebug":"Letzten Terminalbefehl debuggen","github.copilot.command.reviewAndComment":"Überprüfen und Kommentieren","github.copilot.command.reviewChanges":"Copilot-Codereview – Ausgecheckte Änderungen","github.copilot.command.reviewChanges.cancel":"Copilot-Codeüberprüfung – Abbrechen","github.copilot.command.reviewStagedChanges":"Copilot Codereview – Gestagete Änderungen","github.copilot.command.reviewUnstagedChanges":"Copilot-Review – ungestagete Änderungen","github.copilot.command.sendChatFeedback":"Chatfeedback senden","github.copilot.command.showNotebookLog":"Chatprotokollnotizbuch anzeigen","github.copilot.command.unhelpfulReviewSuggestion":"Nicht hilfreich","github.copilot.config.agent.currentEditorContext.enabled":"Wenn diese Option aktiviert ist, wird der Name des aktuell aktiven Editors in den Kontext für den Agentmodus von Copilot einbezogen.","github.copilot.config.agent.runTasks":"Konfiguriert, ob Copilot-Bearbeitungen Arbeitsbereichsaufgaben im Agent-Modus ausführen können.","github.copilot.config.agent.thinkingTool":"Aktiviert das Thinking-Tool, das es Copilot ermöglicht, im Agentmodus tiefgründig über Ihre Anfrage nachzudenken, bevor eine Antwort generiert wird.","github.copilot.config.autoFix":"Diagnose für bearbeitete Dateien automatisch korrigieren.","github.copilot.config.byok.ollamaEndpoint":"Der Endpunkt, der für das Ollama verwendet werden soll, wenn über Bring Your Own Key darauf zugegriffen wird. Der Standardwert ist „localhost“.","github.copilot.config.codeGeneration.instruction.file":"Ein Pfad zu einer Datei, die Copilot-Anforderungen hinzugefügt wird, die Code generieren. Optional können Sie eine Sprache für die Anweisung angeben.","github.copilot.config.codeGeneration.instruction.text":"Eine Textanweisung, die Copilot-Anforderungen hinzugefügt wird, die Code generieren. Optional können Sie eine Sprache für die Anweisung angeben.","github.copilot.config.codeGeneration.instructions":"Eine Sammlung von Anweisungen, die Copilot-Anforderungen hinzugefügt werden, die Code generieren.\nAnweisungen können aus Folgendem stammen: \n– einer Datei im Arbeitsbereich: `{ \"file\": \"fileName\" }`\n– Text in natürliche Sprache: `{ \"text\": \"Use underscore for field names.\" }`\n\nHinweis: Halten Sie Ihre Anweisungen kurz und präzise. Schlechte Anweisungen können die Qualität und die Leistung von Copilot beeinträchtigen.","github.copilot.config.codeGeneration.useInstructionFiles":"Steuert, ob Copilot-Anforderungen Codeanweisungen von `.github/copilot-instructions.md` hinzugefügt werden.\n\nHinweis: Formulieren Sie Ihre Anweisungen kurz und präzise. Schlechte Anweisungen können die Qualität und die Leistung von Copilot beeinträchtigen. [Erfahren Sie mehr](https://aka.ms/github-copilot-custom-instructions) über die Anpassung von Copilot.","github.copilot.config.codesearch.enabled":"Gibt an, ob die agentische Codesuche bei Verwendung von „#codebase“ aktiviert werden soll.","github.copilot.config.commitMessageGeneration.instruction.file":"Ein Pfad zu einer Datei mit Anweisungen, die Copilot-Anforderungen hinzugefügt werden, die Commitnachrichten generieren.","github.copilot.config.commitMessageGeneration.instruction.text":"Textanweisungen, die Copilot-Anforderungen hinzugefügt werden, die Commitnachrichten generieren.","github.copilot.config.commitMessageGeneration.instructions":"Eine Sammlung von Anweisungen, die Copilot-Anforderungen hinzugefügt werden, die Commitnachrichten generieren.\nAnweisungen können aus Folgendem stammen: \n– einer Datei im Arbeitsbereich: `{ \"file\": \"fileName\" }`\n– Text in natürlicher Sprache: `{ \"text\": \"Use conventional commit message format.\" }`\n\nHinweis: Formulieren Sie Ihre Anweisungen kurz und präzise. Schlechte Anweisungen können die Qualität und die Leistung von Copilot beeinträchtigen.","github.copilot.config.debugTerminalCommandPatterns":"Eine Liste der Befehle, für die die Schnellkorrekturaktion \"Debugbefehl\" im Debugterminal angezeigt werden soll.","github.copilot.config.debugTerminalCommands":"Gibt an, ob Hinweise im Debugterminal und im Befehl \"copilot-debug\" schnell korrigiert werden sollen.","github.copilot.config.edits.codesearch.enabled":"Diese Einstellung ist zugunsten von „#github.copilot.chat.codesearch.enabled#“ veraltet.","github.copilot.config.edits.enabled":"Ob das Copilot Edits-Feature aktiviert werden soll.","github.copilot.config.edits.suggestRelatedFilesFromGitHistory":"Ob verwandte Dateien aus dem Git-Verlauf für den Arbeitssatz „Copilot Edits“ vorgeschlagen werden sollen.","github.copilot.config.editsNewNotebook.enabled":"Ob das neue Notizbuchtool in Copilot Edits aktiviert werden soll.","github.copilot.config.enableCodeActions":"Steuert, ob Copilot-Befehle als Codeaktionen angezeigt werden, wenn verfügbar","github.copilot.config.enableUserPreferences":"Aktivieren Sie das Speichern von Benutzereinstellungen im Agentmodus.","github.copilot.config.experimental.testGeneration.instruction.file":"Ein Pfad zu einer Datei, die Copilot-Anforderungen hinzugefügt wird, die Tests generieren. Optional können Sie eine Sprache für die Anweisung angeben.","github.copilot.config.experimental.testGeneration.instruction.text":"Eine Textanweisung, die Copilot-Anforderungen hinzugefügt wird, die Tests generieren. Optional können Sie eine Sprache für die Anweisung angeben.","github.copilot.config.generateTests.codeLens":"Zeigen Sie das Codeobjektiv „Tests generieren“ für Symbole an, die nicht durch die aktuellen Testabdeckungsinformationen abgedeckt sind.","github.copilot.config.localeOverride":"Geben Sie ein Gebietsschema an, in dem Copilot antworten soll, z. B. \"en\" oder \"fr\". Copilot antwortet standardmäßig mithilfe des konfigurierten Gebietsschemas für die Anzeigesprache von VS Code.","github.copilot.config.newWorkspaceCreation.enabled":"Gibt an, ob die Erstellung neuer agentischer Arbeitsbereiche aktiviert werden soll.","github.copilot.config.notebook.followCellExecution":"Steuert, ob die aktuell ausgeführte Zelle beim Ausführen über Copilot im Viewport angezeigt wird.","github.copilot.config.pullRequestDescriptionGeneration.instruction.file":"Ein Pfad zu einer Datei mit Anweisungen, die Copilot-Anforderungen hinzugefügt werden, die Commitnachrichten generieren.","github.copilot.config.pullRequestDescriptionGeneration.instruction.text":"Textanweisungen, die Copilot-Anforderungen, die Titel und Beschreibungen von Pull Requests generieren, hinzugefügt werden.","github.copilot.config.pullRequestDescriptionGeneration.instructions":"Eine Sammlung von Anweisungen, die Copilot-Anforderungen hinzugefügt werden, die Titel und Beschreibungen von Pull Requests generieren.\nAnweisungen können aus Folgendem stammen: \n- einer Datei im Arbeitsbereich: `{ \"file\": \"fileName\" }`\n- Text in natürlicher Sprache: `{ \"text\": \"Always include a list of key changes.\" }`\n\nHinweis: Formulieren Sie Ihre Anweisungen kurz und präzise. Schlechte Anweisungen können die Qualität und die Leistung von Copilot beeinträchtigen.","github.copilot.config.renameSuggestions.triggerAutomatically":"Steuert, ob Copilot Vorschläge zum Umbenennen generiert","github.copilot.config.reviewSelection.enabled":"Aktiviert die Codereview für die aktuelle Auswahl.","github.copilot.config.reviewSelection.instruction.file":"Ein Pfad zu einer Datei, die Copilot-Anforderungen hinzugefügt wird, die Codereview für die aktuelle Auswahl bereitstellen. Optional können Sie eine Sprache für die Anweisung angeben.","github.copilot.config.reviewSelection.instruction.text":"Eine Textanweisung, die Copilot-Anforderungen hinzugefügt wird, die Codereview für die aktuelle Auswahl bereitstellen. Optional können Sie eine Sprache für die Anweisung angeben.","github.copilot.config.reviewSelection.instructions":"Eine Reihe von Anweisungen, die Copilot-Anforderungen hinzugefügt wird, die Codereview für die aktuelle Auswahl bereitstellen.\nAnweisungen können aus Folgendem stammen: \n– einer Datei im Arbeitsbereich: `{ \"file\": \"fileName\" }`\n– Text in natürliche Sprache: `{ \"text\": \"Use underscore for field names.\" }`\n\nHinweis: Formulieren Sie Ihre Anweisungen kurz und präzise. Schlechte Anweisungen können die Effektivität von Copilot beeinträchtigen.","github.copilot.config.scopeSelection":"Gibt an, ob der Benutzer aufgefordert wird, einen bestimmten Symbolbereich auszuwählen, wenn der Benutzer \"/explain\" verwendet und der aktive Editor keine Auswahl hat.","github.copilot.config.setupTests.enabled":"Aktiviert die Absicht „/setupTests“ und die Eingabeaufforderung bei der Generierung von „/tests“.","github.copilot.config.startDebugging.enabled":"Aktiviert die Absicht „/startDebugging“ im Panel-Chat. Generiert oder sucht die Startkonfiguration, um der Abfrage (sofern vorhanden), der Projektstruktur und mehr zu entsprechen.","github.copilot.config.summarizeAgentConversationHistory.enabled":"Gibt an, ob der Verlauf der Agentunterhaltungen automatisch zusammengefasst werden soll, sobald das Kontextfenster gefüllt ist.","github.copilot.config.terminalChatLocation":"Steuert, wo Chatabfragen aus dem Terminal geöffnet werden sollen.","github.copilot.config.terminalChatLocation.chatView":"Chatansicht öffnen","github.copilot.config.terminalChatLocation.quickChat":"Schnellchat öffnen","github.copilot.config.terminalChatLocation.terminal":"Terminalinlinechat öffnen","github.copilot.config.testGeneration.instructions":"Eine Reihe von Anweisungen, die Copilot-Anforderungen hinzugefügt werden, die Tests generieren.\nAnweisungen können aus Folgendem stammen: \n– einer Datei im Arbeitsbereich: `{ \"file\": \"fileName\" }`\n– Text in natürliche Sprache: `{ \"text\": \"Use underscore for field names.\" }`\n\nHinweis: Halten Sie Ihre Anweisungen kurz und präzise. Schlechte Anweisungen können die Qualität und die Leistung von Copilot beeinträchtigen.","github.copilot.config.useProjectTemplates":"Verwenden relevanter GitHub-Projekte als Startprojekte bei Verwendung von „/new“","github.copilot.devcontainer.generateDevContainerConfig":"Dev Container-Konfiguration mit Copilot generieren","github.copilot.git.generateCommitMessage":"Commitnachricht mit Copilot generieren","github.copilot.icon":"GitHub Copilot-Symbol","github.copilot.nextEditSuggestions.enabled":"Ob „Nächste Bearbeitungsvorschläge“ (Next Edit Suggestions, NES) aktiviert werden soll\n\nNES kann einen nächsten Bearbeitungsvorschlag basierend auf Ihren letzten Änderungen machen. [Weitere Informationen](https://aka.ms/vscode-nes) zu Nächste Bearbeitungsvorschläge.","github.copilot.nextEditSuggestions.fixes":"Ob Korrekturen für Diagnosen über die nächsten Bearbeitungsvorschläge (NES) angeboten werden sollen","github.copilot.resetAutomaticCommandExecutionPrompt":"Automatische Eingabeaufforderung zurücksetzen","github.copilot.submenu.copilot.label":"Copilot","github.copilot.submenu.reviewComment.applyAndNext.label":"Anwenden und zum nächsten Wechseln","github.copilot.submenu.reviewComment.discard.label":"Verwerfen","github.copilot.submenu.reviewComment.discardAndNext.label":"Verwerfen und zum nächsten Wechseln","github.copilot.tools.createAndRunTask.description":"Aufgabe im Arbeitsbereich erstellen und ausführen.","github.copilot.tools.createAndRunTask.name":"Aufgabe erstellen und ausführen","github.copilot.tools.createAndRunTask.userDescription":"Aufgabe im Arbeitsbereich erstellen und ausführen.","github.copilot.tools.createNewWorkspace.name":"Neuen Arbeitsbereich erstellen","github.copilot.tools.createNewWorkspace.userDescription":"Einen neuen Arbeitsbereich in VS Code einrichten.","github.copilot.tools.getProjectSetupInfo.name":"Projektsetupinformationen abrufen","github.copilot.tools.githubRepo.name":"GitHub-Repository suchen","github.copilot.tools.githubRepo.userDescription":"Durchsucht ein GitHub-Repository nach relevanten Quellcodeausschnitten. Sie können ein Repository mit „besitzer/repo“ angeben.","github.copilot.tools.openEmptyFolder.name":"Leeren Ordner als VS Code-Arbeitsbereich öffnen","github.copilot.tools.searchResults.description":"Die Ergebnisse aus der Suchansicht","github.copilot.tools.searchResults.name":"Suchergebnisse anzeigen","github.copilot.tools.terminalLastCommand.description":"Der zuletzt ausgeführte Befehl des aktiven Terminals","github.copilot.tools.terminalLastCommand.name":"Letzter Terminalbefehl","github.copilot.tools.terminalSelection.description":"Die Auswahl des aktiven Terminals","github.copilot.tools.terminalSelection.name":"Terminalauswahl","github.copilot.viewsWelcome.chatDisabled":"GitHub Copilot Chat ist derzeit von einem Organisationsadministrator für Ihr Konto deaktiviert. Wenden Sie sich an einen Organisationsadministrator, um den Chat zu aktivieren.\n\n[Weitere Informationen](https://docs.github.com/en/copilot/managing-copilot/managing-github-copilot-in-your-organization/managing-github-copilot-features-in-your-organization/managing-policies-for-copilot-in-your-organization)","github.copilot.viewsWelcome.contactSupport":"Es scheint ein Problem mit Ihrem Konto zu geben. Wenden Sie sich an den GitHub-Support.\n\n[Support kontaktieren](https://support.github.com/?editor=vscode)","github.copilot.viewsWelcome.debug":"GitHub Copilot Chat kann Ihnen helfen, mit dem Debuggen zu beginnen, entweder basierend auf einem [Terminalbefehl](command:github.copilot.chat.startCopilotDebugCommand) oder mit [interaktivem Chat](command:workbench.action.chat.open?%7B%22query%22%3A%22%40vscode%20%2FstartDebugging%20%22%2C%22isPartialQuery%22%3Atrue%7D).","github.copilot.viewsWelcome.enterprise":"Wenden Sie sich an ihren GitHub-Organisationsadministrator, um Copilot zu aktivieren.","github.copilot.viewsWelcome.individual.expired":"Ihr Copilot-Abonnement ist abgelaufen.\n\n[Copilot-Einstellungen überprüfen](https://github.com/settings/copilot?editor=vscode)","github.copilot.viewsWelcome.offline":"Sie sind zurzeit offline. Stellen Sie eine Internetverbindung her, um GitHub Copilot zu verwenden.\n\n[Erneuter Verbindungsversuch](command:github.copilot.refreshToken)","github.copilot.viewsWelcome.signIn":"Melden Sie sich an, um die KI-Features von Copilot zu nutzen.\n\n[Anmelden, um Copilot zu verwenden](command:workbench.action.chat.triggerSetup)","github.copilot.viewsWelcome.switchToReleaseChannel":"Die Vorabversion der GitHub Copilot Chat-Erweiterung wird in der stabilen Version von VS Code derzeit nicht unterstützt. Wechseln Sie zur Releaseversion für GitHub Copilot Chat, oder testen Sie VS Code Insider.\n\n[Zur Releaseversion wechseln und neu laden](command:runCommands?%7B%22commands%22%3A%5B%7B%22command%22%3A%22workbench.extensions.action.switchToRelease%22%2C%22args%22%3A%5B%22GitHub.copilot-chat%22%5D%7D%2C%22workbench.action.reloadWindow%22%5D%7D)\n\n[Zu VS Code Insiders wechseln](https://aka.ms/vscode-insiders)","github.copilot.walkthrough.description":"Ihr KI-Paarprogrammierer, um Code schneller und intelligenter zu schreiben","github.copilot.walkthrough.edits.description":"Verwenden Sie **Copilot-Bearbeitungen**, um Dateien auszuwählen, mit denen Sie arbeiten möchten, und beschreiben Sie die Änderungen, die Sie vornehmen möchten. Copilot wendet sie direkt auf Ihre Dateien an.\n[Bearbeiten mit Copilot](command:workbench.action.chat.open?%7B%22mode%22%3A%22edit%22%7D)","github.copilot.walkthrough.edits.media.altText":"Das Video zeigt, wie die benutzende Person Dateien per Drag & Drop in das Eingabefeld „Copilot Edits“ in der sekundären Randleiste zieht. Copilot aktualisiert die Datei dann gemäß der Anforderung der benutzenden Person.","github.copilot.walkthrough.edits.title":"Vornehmen von Änderungen mithilfe natürlicher Sprache","github.copilot.walkthrough.firstSuggest.description":"Während Sie den Editor eingeben, schlägt Copilot Code vor, der Ihnen dabei hilft, ihre ersten Schritte auszuführen.","github.copilot.walkthrough.firstSuggest.media.altText":"Das Video zeigt verschiedene Copilot-Vervollständigungen, in denen Copilot Code vorschlägt, um die benutzende Person beim Abschließen ihres Codes zu unterstützen.","github.copilot.walkthrough.firstSuggest.title":"KI-vorgeschlagene Codevervollständigungen","github.copilot.walkthrough.inlineChatMac.description":"Manchmal ist es einfacher, den Code zu beschreiben, den Sie direkt in eine Datei schreiben möchten.\nPlatzieren Sie den Cursor, oder treffen Sie eine Auswahl, und verwenden Sie **'Befehlstaste+I'**, um **Inlinechat** zu öffnen.","github.copilot.walkthrough.inlineChatMac.media.altText":"Das Video zeigt, wie die benutzende Person das Inlinechatwidget aufruft und Copilot auffordert, eine Änderung in der Datei in natürlicher Sprache vorzunehmen. Copilot nimmt dann die angeforderte Änderung vor.","github.copilot.walkthrough.inlineChatMac.title":"Verwenden natürlicher Sprache in Ihren Dateien","github.copilot.walkthrough.inlineChatNotMac.description":"Manchmal ist es einfacher, den Code zu beschreiben, den Sie direkt in eine Datei schreiben möchten.\nPlatzieren Sie den Cursor, oder treffen Sie eine Auswahl, und verwenden Sie **'STRG+I'**, um **Inlinechat** zu öffnen.","github.copilot.walkthrough.inlineChatNotMac.media.altText":"Inlinechatansicht im Editor. Das Video zeigt, wie die benutzende Person das Inlinechatwidget aufruft und Copilot auffordert, eine Änderung in der Datei in natürlicher Sprache vorzunehmen. Copilot nimmt dann die angeforderte Änderung vor.","github.copilot.walkthrough.inlineChatNotMac.title":"Verwenden natürlicher Sprache in Ihren Dateien","github.copilot.walkthrough.panelChat.description":"Stellen Sie Copilot-Programmierfragen, oder erhalten Sie mithilfe von **@arbeitsbereich** Hilfe zu Ihrem Code.\n Geben Sie **@** ein, um alle verfügbaren Chatteilnehmenden anzuzeigen, mit denen Sie direkt chatten können, jede Person mit ihrem eigenen Fachwissen.\n[Chatten mit Copilot](command:workbench.action.chat.open?%7B%22mode%22%3A%22ask%22%7D)","github.copilot.walkthrough.panelChat.media.altText":"Die benutzende Person ruft @arbeitsbereich im Bereich „Copilot-Chat“ in der sekundären Randleiste auf, um die Codebasis zu verstehen. Copilot ruft die relevanten Informationen ab und stellt eine Antwort mit Links zu den Dateien bereit.","github.copilot.walkthrough.panelChat.title":"Chatten Sie über Ihren Code","github.copilot.walkthrough.setup.noAction.description":"Sie können Copilot verwenden, um Code in mehreren Dateien zu generieren, Fehler zu beheben, Fragen zu Ihrem Code zu stellen und vieles mehr mit natürlicher Sprache.\n Wir bieten jetzt [Copilot kostenlos](https://github.com/features/copilot/plans) mit Ihrem GitHub-Konto an.","github.copilot.walkthrough.setup.signIn.description":"Sie können Copilot verwenden, um Code in mehreren Dateien zu generieren, Fehler zu beheben, Fragen zu Ihrem Code zu stellen und vieles mehr mit natürlicher Sprache.\n Wir bieten jetzt [Copilot kostenlos](https://github.com/features/copilot/plans) mit Ihrem GitHub-Konto an.\n\n[Copilot kostenlos verwenden](command:workbench.action.chat.triggerSetup)","github.copilot.walkthrough.setup.signIn.title":"Anmelden, um Copilot kostenlos zu verwenden","github.copilot.walkthrough.setup.signUp.description":"Sie können Copilot verwenden, um Code in mehreren Dateien zu generieren, Fehler zu beheben, Fragen zu Ihrem Code zu stellen und vieles mehr mit natürlicher Sprache.\n Wir bieten jetzt [Copilot kostenlos](https://github.com/features/copilot/plans) mit Ihrem GitHub-Konto an.\n\n[Copilot kostenlos verwenden](command:workbench.action.chat.triggerSetup)","github.copilot.walkthrough.setup.signUp.title":"Kostenlose Erste Schritte mit Copilot","github.copilot.walkthrough.signIn.description":"Melden Sie sich mit Ihrem GitHub-Konto an, um mit Copilot zu beginnen.\nStellen Sie sicher, dass Sie das richtige GitHub-Konto verwenden. Sie können sich auch später über das Kontomenü anmelden.\n\n[Anmelden](command:github.copilot.signIn)","github.copilot.walkthrough.signIn.media.altText":"Melden Sie sich über diese exemplarische Vorgehensweise oder das VS Code-Kontomenü bei GitHub an.","github.copilot.walkthrough.signIn.title":"Mit GitHub anmelden","github.copilot.walkthrough.sparkle.description":"Copilot verbessert Ihre Programmiererfahrung mit KI-gestützten intelligenten Aktionen in der gesamten VS Code-Schnittstelle.\nSuchen Sie nach $(sparkle)-Symbolen, z. B. in der [Quellcodeverwaltungsansicht](command:workbench.view.scm), wo Copilot Commitnachrichten und PR-Beschreibungen basierend auf Codeänderungen generiert.\n\n[Tipps und Tricks entdecken](https://code.visualstudio.com/docs/copilot/copilot-vscode-features)","github.copilot.walkthrough.sparkle.media.altText":"Das Video zeigt das Sparkle-Symbol im Eingabefeld der Quellcodeverwaltung, auf das geklickt wird, wodurch GitHub Copilot veranlasst wird, automatisch eine Commitnachricht zu generieren.","github.copilot.walkthrough.sparkle.title":"Achten Sie auf intelligente Aktionen","github.copilot.walkthrough.title":"GitHub Copilot"}
