{"copilot.agent.description":"Edición de archivos en el área de trabajo en modo agente","copilot.codebase.tool.description":"Encuentra fragmentos de archivos, símbolos y otra información relevante en su código base","copilot.description":"Preguntar a Copilot","copilot.edits.description":"Editar archivos en el área de trabajo","copilot.listCodeUsages.tool.description":"Buscar referencias, definiciones y otros usos de un símbolo","copilot.terminal.description":"Preguntar a Copilot","copilot.terminal.explain.description":"Explicar algo en el terminal","copilot.terminal.explain.sampleRequest":"Explicar el último comando","copilot.terminal.sampleRequest":"¿Cómo puedo ver todos los archivos de un directorio, incluidos los subdirectorios?","copilot.terminalPanel.description":"Preguntar cómo hacer algo en el terminal","copilot.testFailure.tool.description":"Incluye información sobre el último error de prueba unitaria","copilot.toolSet.editing.description":"Editar archivos en el área de trabajo","copilot.toolSet.new.description":"Crear una nueva área de trabajo en VS Code","copilot.toolSet.runCommand.description":"Ejecuta comandos en la terminal","copilot.toolSet.runNotebook.description":"Ejecutar celdas del cuaderno","copilot.toolSet.runTasks.description":"Ejecución de tareas en el área de trabajo","copilot.toolSet.search.description":"Busca y lee archivos en su área de trabajo","copilot.tools.applyPatch.description":"Editar archivos de texto en el área de trabajo","copilot.tools.applyPatch.name":"Aplicar revisión","copilot.tools.changes.description":"Obtener diferencias de archivos modificados","copilot.tools.createDirectory.name":"Crear directorio","copilot.tools.createFile.name":"Crear archivo","copilot.tools.editNotebook.name":"Editar cuaderno","copilot.tools.errors.description":"Comprobar los errores de un archivo determinado","copilot.tools.fetchWebPage.description":"Capturar el contenido principal de una página web. Debe incluir la dirección URL de la página que desea capturar.","copilot.tools.fetchWebPage.name":"Capturar página web","copilot.tools.findFiles.name":"Buscar archivos","copilot.tools.findTestFiles.description":"Para un archivo de código fuente, busque el archivo que contiene las pruebas. Para un archivo de prueba, busque el archivo que contiene el código sometido a prueba","copilot.tools.findTestFiles.name":"Buscar archivos de prueba","copilot.tools.findTextInFiles.name":"Buscar texto en archivos","copilot.tools.getChangedFiles.name":"Cambios de Git","copilot.tools.getDocInfo.description":"Para un símbolo como una clase o función, busque la información sobre cómo documentarlo","copilot.tools.getDocInfo.name":"Información del documento","copilot.tools.getErrors.name":"Obtener problemas","copilot.tools.getNotebookCellOutput.description":"Leer la salida de una celda ejecutada previamente","copilot.tools.getNotebookCellOutput.name":"Obtener salida de celda de cuaderno de notas","copilot.tools.getTerminalOutput.name":"Obtener salida de terminal","copilot.tools.getVSCodeAPI.name":"Obtener referencias de la API de VS Code","copilot.tools.insertEdit.name":"Editar archivo","copilot.tools.listCodeUsages.name":"Buscar usos","copilot.tools.listDirectory.name":"Directorio de lista","copilot.tools.newJupyterNotebook.description":"Crear un nuevo Jupyter Notebook","copilot.tools.openSimpleBrowser.description":"Obtener una vista previa de un sitio web hospedado localmente en el explorador simple","copilot.tools.openSimpleBrowser.name":"Abrir explorador simple","copilot.tools.readFile.name":"Leer archivo","copilot.tools.readProjectStructure.name":"Estructura del proyecto","copilot.tools.replaceString.name":"Reemplazar cadena en archivo","copilot.tools.runInTerminal.name":"Ejecutar en Terminal","copilot.tools.runNotebookCell.description":"Desencadenar la ejecución de una celda en un archivo de cuaderno","copilot.tools.runNotebookCell.name":"Ejecutar celda del cuaderno","copilot.tools.runTests.name":"Ejecutar pruebas","copilot.tools.searchCodebase.name":"Código base","copilot.tools.searchWorkspaceSymbols.name":"Símbolos del área de trabajo","copilot.tools.testFailure.name":"Error de prueba","copilot.tools.think.name":"Pensar","copilot.tools.updateUserPreferences.name":"Actualizar preferencias de usuario","copilot.vscode.api.description":"Preguntar sobre el desarrollo de extensiones de VS Code","copilot.vscode.api.sampleRequest":"¿Cómo agrego texto a la barra de estado?","copilot.vscode.description":"Formular preguntas sobre VS Code","copilot.vscode.sampleRequest":"¿Cuál es el comando para abrir el terminal integrado?","copilot.vscode.search.description":"Generar parámetros de consulta para la búsqueda del área de trabajo","copilot.vscode.search.sampleRequest":"Buscar \"foo\" en todos los archivos del directorio \"src\"","copilot.vscode.setupTests.description":"Configurar pruebas en el proyecto (experimental)","copilot.vscode.setupTests.sampleRequest":"agregar pruebas de playwright a mi proyecto","copilot.vscode.startDebugging.description":"Generar configuración de inicio e iniciar depuración en VS Code (experimental)","copilot.vscode.startDebugging.sampleRequest":"Asociación a la aplicación del nodo en el puerto 9229","copilot.vscode.tool.description":"Use VS Code referencias de API para responder a preguntas sobre el desarrollo de extensiones de VS Code.","copilot.workspace.description":"Preguntar sobre el área de trabajo","copilot.workspace.doc.description":"Agregar comentario a la documentación de este símbolo","copilot.workspace.edit.description":"Editar archivos en el área de trabajo","copilot.workspace.edit.inline.description":"Editar el código seleccionado en el editor activo","copilot.workspace.explain.description":"Explicar cómo funciona el código en el editor activo","copilot.workspace.fix.description":"Proponer una corrección para los problemas en el código seleccionado","copilot.workspace.fix.sampleRequest":"Hay un problema en este código. Vuelva a escribir el código para mostrarlo con el error corregido.","copilot.workspace.generate.description":"Generar un código nuevo","copilot.workspace.new.description":"Aplicar scaffolding al código para un nuevo archivo o proyecto en un área de trabajo","copilot.workspace.new.sampleRequest":"Crear un servidor de API de RESTful con typescript","copilot.workspace.newNotebook.description":"Crear un nuevo Jupyter Notebook","copilot.workspace.newNotebook.sampleRequest":"¿Cómo creo un bloc de notas para cargar datos desde un archivo CSV?","copilot.workspace.review.description":"Revisar el código seleccionado en el editor activo","copilot.workspace.sampleRequest":"¿Cómo compilo este proyecto?","copilot.workspace.semanticSearch.description":"Buscar código relevante para la consulta","copilot.workspace.semanticSearch.sampleRequest":"¿Dónde está el código de la barra de herramientas?","copilot.workspace.tests.description":"Crear pruebas unitarias para el código seleccionado","copilot.workspaceSymbols.tool.description":"Busque símbolos de área de trabajo mediante los servicios de lenguaje.","github.copilot.badge.signUp":"Registrarse en GitHub Copilot","github.copilot.badge.star":"Iniciar Copilot en GitHub","github.copilot.badge.twitter":"Seguir a GitHub en Twitter","github.copilot.badge.youtube":"Echar un vistazo a GitHub en YouTube","github.copilot.chat.completionContext.typescript.mode":"Modo de ejecución del proveedor de contexto de Copilot de TypeScript.","github.copilot.chat.copilotDebugCommand.enabled":"Indica si el comando \"copilot-debug\" está habilitado en el terminal.","github.copilot.chat.editor.temporalContext.enabled":"Al realizar una solicitud de chat en línea, indica si se deben incluir archivos vistos y editados recientemente con solicitudes de Copilot.","github.copilot.chat.edits.suggestRelatedFilesForTests":"Indica si se deben sugerir archivos de código fuente de archivos de prueba para el conjunto de trabajo Copilot Edits.","github.copilot.chat.edits.temporalContext.enabled":"Al realizar modificaciones, solicite incluir archivos vistos y editados recientemente con solicitudes de Copilot.","github.copilot.chat.languageContext.fix.typescript.enabled":"Habilita el proveedor de contexto de lenguaje TypeScript para los comandos /fix","github.copilot.chat.languageContext.inline.typescript.enabled":"Habilita el proveedor de contexto de lenguaje TypeScript para chats insertados (generar y editar)","github.copilot.chat.languageContext.typescript.cacheTimeout":"El tiempo de expiración de la población de caché para el proveedor de contexto de lenguaje TypeScript en milisegundos. El valor predeterminado es 500 milisegundos.","github.copilot.chat.languageContext.typescript.enabled":"Habilita el proveedor de contexto de lenguaje TypeScript para finalizaciones insertadas","github.copilot.command.applyReviewSuggestion":"Aplicar","github.copilot.command.applyReviewSuggestionAndNext":"Aplicar e ir a Siguiente","github.copilot.command.applySuggestionWithCopilot":"Aplicar sugerencias con Copilot","github.copilot.command.attachTerminalSelection":"Agregar selección de terminal al chat","github.copilot.command.buildLocalWorkspaceIndex":"Generar índice de área de trabajo local","github.copilot.command.buildRemoteWorkspaceIndex":"Generar índice de área de trabajo remota","github.copilot.command.collectDiagnostics":"Diagnósticos de chat de GitHub Copilot","github.copilot.command.collectWorkspaceIndexDiagnostics":"Recopilar diagnósticos de índices de áreas de trabajo","github.copilot.command.continueReviewInChat":"Ver en el Panel de chat","github.copilot.command.continueReviewInInlineChat":"Descartar y copiar en chat en línea","github.copilot.command.discardAllReviewSuggestion":"Descartar todo","github.copilot.command.discardReviewSuggestion":"Descartar","github.copilot.command.discardReviewSuggestionAndNext":"Descartar e ir a Siguiente","github.copilot.command.explainTerminalLastCommand":"Explicar último comando de terminal","github.copilot.command.explainTerminalSelection":"Explicar selección de terminal","github.copilot.command.explainTerminalSelectionContextMenu":"Explicar","github.copilot.command.explainThis":"Explicar","github.copilot.command.fixTestFailure":"Corregir error de prueba","github.copilot.command.fixThis":"Reparar","github.copilot.command.generateConfiguration":"Generar configuración de depuración con GitHub Copilot","github.copilot.command.generateDocs":"Generar documentación","github.copilot.command.generateSTest":"Generar STest a partir de la última solicitud de chat","github.copilot.command.generateTests":"Generar pruebas","github.copilot.command.generateThis":"Generar esto","github.copilot.command.gotoNextReviewSuggestion":"Sugerencia siguiente","github.copilot.command.gotoPreviousReviewSuggestion":"Sugerencia anterior","github.copilot.command.helpfulReviewSuggestion":"Útil","github.copilot.command.logWorkbenchState":"Registrar el estado de Workbench","github.copilot.command.openUserPreferences":"Abrir preferencias de usuario","github.copilot.command.openWalkthrough":"Abrir tutorial","github.copilot.command.rerunWithCopilotDebug":"Depurar último comando del terminal","github.copilot.command.reviewAndComment":"Revisar y Comentar","github.copilot.command.reviewChanges":"Revisión del código de Copilot: cambios no confirmados","github.copilot.command.reviewChanges.cancel":"Revisión del código de Copilot - Cancelar","github.copilot.command.reviewStagedChanges":"Revisión de código de Copilot: cambios preconfigurados","github.copilot.command.reviewUnstagedChanges":"Revisión del código de Copilot: cambios no realizados","github.copilot.command.sendChatFeedback":"Enviar comentarios del chat","github.copilot.command.showNotebookLog":"Mostrar bloc de notas de registro de chat","github.copilot.command.unhelpfulReviewSuggestion":"Inútil","github.copilot.config.agent.currentEditorContext.enabled":"Cuando se habilita, Copilot incluirá el nombre del editor activo actual en el contexto del modo de agente.","github.copilot.config.agent.runTasks":"Configura si Copilot Edits puede ejecutar tareas del área de trabajo en modo agente.","github.copilot.config.agent.thinkingTool":"Habilita la herramienta de reflexión que permite a Copilot pensar profundamente en la solicitud antes de generar una respuesta en modo de agente.","github.copilot.config.autoFix":"Corregir automáticamente los diagnósticos de los archivos editados.","github.copilot.config.byok.ollamaEndpoint":"El punto de conexión que se usará para Ollama cuando se acceda a través de 'Bring Your Own Key'. El valor predeterminado es localhost.","github.copilot.config.codeGeneration.instruction.file":"Ruta de acceso a un archivo que se agregará a las solicitudes de Copilot que generan código. Opcionalmente, puede especificar un idioma para la instrucción.","github.copilot.config.codeGeneration.instruction.text":"Una instrucción de texto que se agregará a las solicitudes de Copilot que generan código. Opcionalmente, puede especificar un idioma para la instrucción.","github.copilot.config.codeGeneration.instructions":"Conjunto de instrucciones que se agregarán a las solicitudes de Copilot que generan código.\nLas instrucciones pueden proceder de: \n- un archivo del área de trabajo: `{ \"file\": \"fileName\" }`\n- texto en lenguaje natural: `{ \"text\": \"Use underscore for field names.\" }`\n\nNota: Mantenga las instrucciones cortas y precisas. Unas instrucciones deficientes pueden degradar la calidad y el rendimiento de Copilot.","github.copilot.config.codeGeneration.useInstructionFiles":"Controla si se agregan instrucciones de código de \".github/copilot-instructions.md\" a las solicitudes de Copilot.\n\nNota: mantenga las instrucciones cortas y precisas. Unas instrucciones inadecuadas pueden degradar la calidad y el rendimiento de Copilot. [Más información](https://aka.ms/github-copilot-custom-instructions) sobre cómo personalizar Copilot.","github.copilot.config.codesearch.enabled":"Si habilitar la búsqueda de código de agente al usar `#codebase`.","github.copilot.config.commitMessageGeneration.instruction.file":"Ruta de acceso a un archivo con instrucciones que se agregarán a las solicitudes de Copilot que generan mensajes de confirmación.","github.copilot.config.commitMessageGeneration.instruction.text":"Instrucciones de texto que se agregarán a las solicitudes de Copilot que generan mensajes de confirmación.","github.copilot.config.commitMessageGeneration.instructions":"Conjunto de instrucciones que se agregarán a las solicitudes de Copilot que generan mensajes de confirmación.\nLas instrucciones pueden proceder de: \n- un archivo del área de trabajo: `{ \"file\": \"fileName\" }`\n- texto en lenguaje natural: `{ \"text\": \"Use conventional commit message format.\" }`\n\nNota: Mantenga las instrucciones cortas y precisas. Unas instrucciones inadecuadas pueden degradar la calidad y el rendimiento de Copilot.","github.copilot.config.debugTerminalCommandPatterns":"Lista de comandos para los que se debe mostrar la acción de corrección rápida \"Comando de depuración\" en el terminal de depuración.","github.copilot.config.debugTerminalCommands":"Indica si se debe hacer una corrección rápida de las sugerencias en el terminal de depuración y el comando \"copilot-debug\".","github.copilot.config.edits.codesearch.enabled":"Este ajuste está en desuso y se ha sustituido por `#github.copilot.chat.codesearch.enabled#`.","github.copilot.config.edits.enabled":"Indica si se va a habilitar la característica Ediciones de Copilot.","github.copilot.config.edits.suggestRelatedFilesFromGitHistory":"Indica si se deben sugerir archivos relacionados del historial de Git para el conjunto de trabajo de ediciones de Copilot.","github.copilot.config.editsNewNotebook.enabled":"Indica si se debe activar la nueva herramienta de cuaderno en Copilot Edits.","github.copilot.config.enableCodeActions":"Controla si los comandos de Copilot se muestran como acciones de código cuando están disponibles","github.copilot.config.enableUserPreferences":"Habilite el recordatorio de preferencias de usuario en el modo de agente.","github.copilot.config.experimental.testGeneration.instruction.file":"Ruta de acceso a un archivo que se agregará a las solicitudes de Copilot que generan pruebas. Opcionalmente, puede especificar un idioma para la instrucción.","github.copilot.config.experimental.testGeneration.instruction.text":"Una instrucción de texto que se agregará a las solicitudes de Copilot que generan pruebas. Opcionalmente, puede especificar un idioma para la instrucción.","github.copilot.config.generateTests.codeLens":"Muestre la lente de código \"Generar pruebas\" para los símbolos que no están cubiertos por la información de cobertura de prueba actual.","github.copilot.config.localeOverride":"Especifique una configuración regional en la que Copilot debe responder, por ejemplo, \"en\" o \"fr\". De forma predeterminada, Copilot responderá con la configuración regional del idioma para mostrar configurado de VS Code.","github.copilot.config.newWorkspaceCreation.enabled":"Indica si se debe habilitar la creación de una nueva área de trabajo.","github.copilot.config.notebook.followCellExecution":"Controla si la celda que se está ejecutando actualmente se revela en la ventanilla tras la ejecución de Copilot.","github.copilot.config.pullRequestDescriptionGeneration.instruction.file":"Ruta de acceso a un archivo con instrucciones que se agregarán a las solicitudes de Copilot que generan descripciones y títulos de solicitudes de incorporación de cambios.","github.copilot.config.pullRequestDescriptionGeneration.instruction.text":"Instrucciones de texto que se agregarán a las solicitudes de Copilot que generen descripciones y títulos de solicitudes de incorporación de cambios.","github.copilot.config.pullRequestDescriptionGeneration.instructions":"Conjunto de instrucciones que se agregarán a las solicitudes de Copilot que generan descripciones y títulos de solicitudes de incorporación de cambios.\nLas instrucciones pueden proceder de: \n- un archivo en el área de trabajo: `{ \"file\": \"fileName\" }`\n- texto en lenguaje natural: `{ \"text\": \"Incluir siempre una lista de cambios clave\". }`\n\nNota: Mantenga las instrucciones cortas y precisas. Unas instrucciones inadecuadas pueden degradar la calidad y el rendimiento de Copilot.","github.copilot.config.renameSuggestions.triggerAutomatically":"Controla si Copilot genera sugerencias para el cambio de nombre","github.copilot.config.reviewSelection.enabled":"Habilita la revisión de código en la selección actual.","github.copilot.config.reviewSelection.instruction.file":"Ruta de acceso a un archivo que se agregará a las solicitudes de Copilot que proporcionan revisión de código para la selección actual. Opcionalmente, puede especificar un idioma para la instrucción.","github.copilot.config.reviewSelection.instruction.text":"Una instrucción de texto que se agregará a las solicitudes de Copilot que proporcionan una revisión de código para la selección actual. Opcionalmente, puede especificar un idioma para la instrucción.","github.copilot.config.reviewSelection.instructions":"Conjunto de instrucciones que se agregarán a las solicitudes de Copilot que proporcionan una revisión del código para la selección actual.\nLas instrucciones pueden proceder de: \n- un archivo del área de trabajo: `{ \"file\": \"fileName\" }`\n- texto en lenguaje natural: `{ \"text\": \"Use underscore for field names.\" }`\n\nNota: mantenga las instrucciones cortas y precisas. Unas instrucciones mal formuladas pueden degradar la eficacia de Copilot.","github.copilot.config.scopeSelection":"Indica si se pide al usuario que seleccione un ámbito de símbolo específico si el usuario usa \"/explain\" y el editor activo no tiene ninguna selección.","github.copilot.config.setupTests.enabled":"Habilita la intención `/setupTests` y la solicitud en la generación `/tests`.","github.copilot.config.startDebugging.enabled":"Habilita la intención `/startDebugging` en el chat del panel. Genera o busca la configuración de inicio para que coincida con la consulta (si la hay), la estructura del proyecto y mucho más.","github.copilot.config.summarizeAgentConversationHistory.enabled":"Indica si se va a resumir automáticamente el historial de conversaciones del agente una vez rellenada la ventana de contexto.","github.copilot.config.terminalChatLocation":"Controla dónde deben abrirse las consultas de chat desde el terminal.","github.copilot.config.terminalChatLocation.chatView":"Abrir la vista de chat.","github.copilot.config.terminalChatLocation.quickChat":"Abrir chat rápido.","github.copilot.config.terminalChatLocation.terminal":"Abrir el chat en línea del terminal","github.copilot.config.testGeneration.instructions":"Conjunto de instrucciones que se agregarán a las solicitudes de Copilot que generan pruebas.\nLas instrucciones pueden proceder de: \n- un archivo del área de trabajo: `{ \"file\": \"fileName\" }`\n- texto en lenguaje natural: `{ \"text\": \"Use underscore for field names.\" }`\n\nNota: Mantenga las instrucciones cortas y precisas. Unas instrucciones deficientes pueden degradar la calidad y el rendimiento de Copilot.","github.copilot.config.useProjectTemplates":"Uso de proyectos de GitHub relevantes como proyectos de inicio al usar `/new`","github.copilot.devcontainer.generateDevContainerConfig":"Generar configuración de contenedor de desarrollo con Copilot","github.copilot.git.generateCommitMessage":"Generar mensaje de confirmación con Copilot","github.copilot.icon":"Icono de GitHub Copilot","github.copilot.nextEditSuggestions.enabled":"Indica si se van a habilitar las sugerencias de edición siguientes (NES).\n\nNES puede proponer una próxima edición en función de los cambios recientes. [Obtener más información](https://aka.ms/vscode-nes) sobre las sugerencias de edición siguientes.","github.copilot.nextEditSuggestions.fixes":"Indica si se van a ofrecer correcciones de diagnóstico a través de las sugerencias de edición siguientes (NES).","github.copilot.resetAutomaticCommandExecutionPrompt":"Restablecer símbolo del sistema de ejecución de comandos automática","github.copilot.submenu.copilot.label":"Copilot","github.copilot.submenu.reviewComment.applyAndNext.label":"Aplicar e ir a Siguiente","github.copilot.submenu.reviewComment.discard.label":"Descartar","github.copilot.submenu.reviewComment.discardAndNext.label":"Descartar e ir a Siguiente","github.copilot.tools.createAndRunTask.description":"Creación y ejecución de una tarea en el área de trabajo","github.copilot.tools.createAndRunTask.name":"Crear y ejecutar tarea","github.copilot.tools.createAndRunTask.userDescription":"Creación y ejecución de una tarea en el área de trabajo","github.copilot.tools.createNewWorkspace.name":"Crear nueva área de trabajo","github.copilot.tools.createNewWorkspace.userDescription":"Crear una nueva área de trabajo en VS Code","github.copilot.tools.getProjectSetupInfo.name":"Obtener información de configuración del proyecto","github.copilot.tools.githubRepo.name":"Buscar repositorio de GitHub","github.copilot.tools.githubRepo.userDescription":"Busca fragmentos de código fuente relevantes en un repositorio de GitHub. Puede especificar un repositorio mediante `propietario/repo`","github.copilot.tools.openEmptyFolder.name":"Abrir una carpeta vacía como área de trabajo de VS Code","github.copilot.tools.searchResults.description":"Los resultados de la vista de búsqueda","github.copilot.tools.searchResults.name":"Resultados de la vista de búsqueda","github.copilot.tools.terminalLastCommand.description":"Último comando de ejecución del terminal activo","github.copilot.tools.terminalLastCommand.name":"Último comando del terminal","github.copilot.tools.terminalSelection.description":"Selección del terminal activo","github.copilot.tools.terminalSelection.name":"Selección de terminal","github.copilot.viewsWelcome.chatDisabled":"Un administrador de la organización ha deshabilitado actualmente GitHub Copilot Chat para su cuenta. Póngase en contacto con un administrador de la organización para habilitar el chat.\n\n[Más información](https://docs.github.com/en/copilot/managing-copilot/managing-github-copilot-in-your-organization/managing-github-copilot-features-in-your-organization/managing-policies-for-copilot-in-your-organization)","github.copilot.viewsWelcome.contactSupport":"Parece que hay un problema con su cuenta. Póngase en contacto con el soporte técnico de GitHub.\n\n[Ponerse en contacto con el soporte técnico](https://support.github.com/?editor=vscode)","github.copilot.viewsWelcome.debug":"GitHub Copilot Chat puede ayudarle a iniciar la depuración, basado en un [comando terminal](command:github.copilot.chat.startCopilotDebugCommand) o con el [chat interactivo](command:workbench.action.chat.open?%7B%22query%22%3A%22%40vscode%20%2FstartDebugging%20%22%2C%22isPartialQuery%22%3Atrue%7D).","github.copilot.viewsWelcome.enterprise":"Póngase en contacto con el administrador de la organización de GitHub para habilitar Copilot.","github.copilot.viewsWelcome.individual.expired":"Su suscripción de Copilot ha expirado.\n\n[Revisar la configuración de Copilot](https://github.com/settings/copilot?editor=vscode)","github.copilot.viewsWelcome.offline":"Actualmente está sin conexión. Conéctese a Internet para usar GitHub Copilot.\n\n[Reintentar conexión](command:github.copilot.refreshToken)","github.copilot.viewsWelcome.signIn":"Inicia sesión para usar las características de IA de Copilot.\n\n[Inicia sesión para usar Copilot](command:workbench.action.chat.triggerSetup)","github.copilot.viewsWelcome.switchToReleaseChannel":"La versión preliminar de la extensión GitHub Copilot Chat no se admite actualmente en la versión estable de VS Code. Cambie a la versión de lanzamiento de GitHub Copilot Chat o pruebe VS Code Insiders.\n\n[Cambiar a versión de versión y volver a cargar](command:runCommands?%7B%22commands%22%3A%5B%7B%22command%22%3A%22workbench.extensions.action.switchToRelease%22%2C%22args%22%3A%5B%22GitHub.copilot-chat%22%5D%7D%2C%22workbench.action.reloadWindow%22%5D%7D)\n\n[Cambiar a VS Code Insiders](https://aka.ms/vscode-insiders)","github.copilot.walkthrough.description":"Su programador asociado de IA para escribir código de forma más rápida e inteligente","github.copilot.walkthrough.edits.description":"Use **Copilot Edits** para seleccionar los archivos con los que desea trabajar y describir los cambios que desea hacer. Copilot los aplica directamente a los archivos.\n[Editar con Copilot](comando:workbench.action.chat.open?%7B%22mode%22%3A%22edit%22%7D)","github.copilot.walkthrough.edits.media.altText":"El vídeo muestra al usuario arrastrando y colocando archivos en el cuadro de entrada de Copilot Edits ubicado en la barra lateral secundaria. A continuación, Copilot actualiza el archivo según la solicitud del usuario","github.copilot.walkthrough.edits.title":"Realizar cambios con lenguaje natural","github.copilot.walkthrough.firstSuggest.description":"Mientras escribe en el editor, Copilot sugiere código que le ayudará a completar lo que inició.","github.copilot.walkthrough.firstSuggest.media.altText":"El vídeo muestra diferentes finalizaciones de Copilot, donde Copilot sugiere código para ayudar al usuario a completar su código","github.copilot.walkthrough.firstSuggest.title":"Finalizaciones de código sugeridas por inteligencia artificial","github.copilot.walkthrough.inlineChatMac.description":"A veces, es más fácil describir el código que se quiere escribir directamente dentro de un archivo.\nColoque el cursor o realice una selección y use **``Cmd+I``** para abrir **Chat en línea**.","github.copilot.walkthrough.inlineChatMac.media.altText":"El vídeo muestra al usuario invocando el widget de chat en línea y solicitando a Copilot que realice un cambio en el archivo con lenguaje natural. A continuación, Copilot realiza el cambio solicitado","github.copilot.walkthrough.inlineChatMac.title":"Usar el lenguaje natural en los archivos","github.copilot.walkthrough.inlineChatNotMac.description":"A veces, es más fácil describir el código que se quiere escribir directamente dentro de un archivo.\nColoque el cursor o realice una selección y use **``Ctrl+I``** para abrir **Chat en línea**.","github.copilot.walkthrough.inlineChatNotMac.media.altText":"Vista de chat en línea en el editor. El vídeo muestra al usuario invocando el widget de chat en línea y solicitando a Copilot que realice un cambio en el archivo con lenguaje natural. A continuación, Copilot realiza el cambio solicitado","github.copilot.walkthrough.inlineChatNotMac.title":"Usar el lenguaje natural en los archivos","github.copilot.walkthrough.panelChat.description":"Haga preguntas sobre programación a Copilot u obtenga ayuda con el código mediante **@workspace**.\n Escriba **@** para ver todos los participantes del chat disponibles con los que puede chatear directamente, cada uno con sus propios conocimientos.\n[Chatear con Copilot](comando:workbench.action.chat.open?%7B%22mode%22%3A%22ask%22%7D)","github.copilot.walkthrough.panelChat.media.altText":"El usuario invoca @área de trabajo en el panel de Copilot Chat de la barra lateral secundaria para comprender el código base. Copilot recupera la información pertinente y proporciona una respuesta con vínculos a los archivos","github.copilot.walkthrough.panelChat.title":"Chatear sobre el código","github.copilot.walkthrough.setup.noAction.description":"Puede usar Copilot para generar código en varios archivos, corregir errores, formular preguntas sobre el código y mucho más con lenguaje natural.\n Ahora ofrecemos [Copilot gratis](https://github.com/features/copilot/plans) con su cuenta de GitHub.","github.copilot.walkthrough.setup.signIn.description":"Puede usar Copilot para generar código en varios archivos, corregir errores, hacer preguntas sobre el código y mucho más con lenguaje natural.\n Ahora ofrecemos [Copilot gratis](https://github.com/features/copilot/plans) con su cuenta de GitHub.\n\n[Usar Copilot gratis](command:workbench.action.chat.triggerSetup)","github.copilot.walkthrough.setup.signIn.title":"Iniciar sesión para usar Copilot gratis","github.copilot.walkthrough.setup.signUp.description":"Puede usar Copilot para generar código en varios archivos, corregir errores, hacer preguntas sobre el código y mucho más con lenguaje natural.\n Ahora ofrecemos [Copilot gratis](https://github.com/features/copilot/plans) con su cuenta de GitHub.\n\n[Usar Copilot gratis](command:workbench.action.chat.triggerSetup)","github.copilot.walkthrough.setup.signUp.title":"Introducción a Copilot gratis","github.copilot.walkthrough.signIn.description":"Para empezar a trabajar con Copilot, inicie sesión con su cuenta de GitHub.\nAsegúrese de que usa la cuenta de GitHub correcta. También puede iniciar sesión más adelante con el menú de la cuenta.\n\n[Iniciar sesión](command:github.copilot.signIn)","github.copilot.walkthrough.signIn.media.altText":"Inicie sesión en GitHub a través de este tutorial o del menú de cuenta de VS Code","github.copilot.walkthrough.signIn.title":"Iniciar sesión con GitHub","github.copilot.walkthrough.sparkle.description":"Copilot mejora su experiencia de codificación con acciones inteligentes con tecnología de IA en toda la interfaz VS Code.\nBusque iconos $(sparkle), como en la [vista Control de código fuente](command:workbench.view.scm), donde Copilot genera mensajes de confirmación y descripciones de PR en función de los cambios en el código.\n\n[Descubrir sugerencias y trucos](https://code.visualstudio.com/docs/copilot/copilot-vscode-features)","github.copilot.walkthrough.sparkle.media.altText":"En el vídeo se muestra el icono de destello en el cuadro de entrada del control de código fuente en el que se hace clic, lo que desencadena que GitHub Copilot genere automáticamente un mensaje de confirmación","github.copilot.walkthrough.sparkle.title":"Buscar acciones inteligentes","github.copilot.walkthrough.title":"GitHub Copilot"}
