{"copilot.agent.description":"Editar arquivos no seu espaço de trabalho no modo agente","copilot.codebase.tool.description":"Encontre trechos de arquivos relevantes, símbolos e outras informações na sua base de código","copilot.description":"Perguntar ao Copilot","copilot.edits.description":"Editar arquivos em seu workspace","copilot.listCodeUsages.tool.description":"Localize referências, definições e outros usos de um símbolo","copilot.terminal.description":"Pergunte ao Copilot","copilot.terminal.explain.description":"Explique algo no terminal","copilot.terminal.explain.sampleRequest":"Explique o último comando","copilot.terminal.sampleRequest":"Como fazer para exibir todos os arquivos em um diretório, inclusive os subdiretórios?","copilot.terminalPanel.description":"Perguntar como fazer algo no terminal","copilot.testFailure.tool.description":"Inclui informações sobre a última falha de teste de unidade","copilot.toolSet.editing.description":"Editar arquivos em seu workspace","copilot.toolSet.new.description":"Crie um novo espaço de trabalho no VS Code","copilot.toolSet.runCommand.description":"Executar comandos no terminal","copilot.toolSet.runNotebook.description":"Executar células do notebook","copilot.toolSet.runTasks.description":"Executar tarefas em seu workspace","copilot.toolSet.search.description":"Pesquise e leia arquivos no seu espaço de trabalho","copilot.tools.applyPatch.description":"Editar arquivos de texto no workspace","copilot.tools.applyPatch.name":"Aplicar Patch","copilot.tools.changes.description":"Obter comparações de arquivos alterados","copilot.tools.createDirectory.name":"Criar Diretório","copilot.tools.createFile.name":"Criar Arquivo","copilot.tools.editNotebook.name":"Editar Bloco de anotações","copilot.tools.errors.description":"Verificar erros de um arquivo específico","copilot.tools.fetchWebPage.description":"Buscar o conteúdo principal de uma página da Web. Você deve incluir a URL da página que deseja buscar.","copilot.tools.fetchWebPage.name":"Buscar Página da Web","copilot.tools.findFiles.name":"Localizar Arquivos","copilot.tools.findTestFiles.description":"Para um arquivo de código-fonte, localize o arquivo que contém os testes. Para um arquivo de teste, localize o arquivo que contém o código em teste","copilot.tools.findTestFiles.name":"Localizar Arquivos de Teste","copilot.tools.findTextInFiles.name":"Localizar texto em arquivos","copilot.tools.getChangedFiles.name":"Alterações do Git","copilot.tools.getDocInfo.description":"Para um símbolo como uma classe ou função, localize as informações sobre como documentá-lo","copilot.tools.getDocInfo.name":"Informações do Documento","copilot.tools.getErrors.name":"Obter Problemas","copilot.tools.getNotebookCellOutput.description":"Leia a saída de uma célula executada anteriormente","copilot.tools.getNotebookCellOutput.name":"Obter a Saída da Célula do Notebook","copilot.tools.getTerminalOutput.name":"Obter Saída do Terminal","copilot.tools.getVSCodeAPI.name":"Obter VS Code de API","copilot.tools.insertEdit.name":"Editar arquivo","copilot.tools.listCodeUsages.name":"Localizar usos","copilot.tools.listDirectory.name":"Listar Diretório","copilot.tools.newJupyterNotebook.description":"Criar um novo Jupyter Notebook","copilot.tools.openSimpleBrowser.description":"Visualizar um site hospedado localmente no Navegador Simples","copilot.tools.openSimpleBrowser.name":"Abrir Navegador Simples","copilot.tools.readFile.name":"Ler Arquivo","copilot.tools.readProjectStructure.name":"Estrutura do Projeto","copilot.tools.replaceString.name":"Substituir Cadeia de Caracteres no Arquivo","copilot.tools.runInTerminal.name":"Executar no Terminal","copilot.tools.runNotebookCell.description":"Disparar a execução de uma célula em um arquivo de notebook","copilot.tools.runNotebookCell.name":"Executar Célula do Notebook","copilot.tools.runTests.name":"Executar Testes","copilot.tools.searchCodebase.name":"Base de código","copilot.tools.searchWorkspaceSymbols.name":"Símbolos do Workspace","copilot.tools.testFailure.name":"Falha de teste","copilot.tools.think.name":"Pensar","copilot.tools.updateUserPreferences.name":"Atualizar Preferências do Usuário","copilot.vscode.api.description":"Pergunte sobre o desenvolvimento de extensões do VS Code","copilot.vscode.api.sampleRequest":"Como fazer para adicionar texto à barra de status?","copilot.vscode.description":"Faça perguntas sobre o VS Code","copilot.vscode.sampleRequest":"Qual é o comando para abrir o terminal integrado?","copilot.vscode.search.description":"Gerar parâmetros de consulta para pesquisa do workspace","copilot.vscode.search.sampleRequest":"Procure por “foo” em todos os arquivos no meu diretório “src”","copilot.vscode.setupTests.description":"Configurar testes em seu projeto (Experimental)","copilot.vscode.setupTests.sampleRequest":"adicionar testes com o Playwright ao meu projeto","copilot.vscode.startDebugging.description":"Gerar configuração de inicialização e iniciar a depuração no VS Code (Experimental)","copilot.vscode.startDebugging.sampleRequest":"Anexar ao aplicativo de nó na porta 9229","copilot.vscode.tool.description":"Use as referências de API do VS Code para responder a perguntas sobre o desenvolvimento de extensões do VS Code.","copilot.workspace.description":"Perguntar sobre seu workspace","copilot.workspace.doc.description":"Adicionar comentário de documentação para este símbolo","copilot.workspace.edit.description":"Editar arquivos em seu workspace","copilot.workspace.edit.inline.description":"Edite o código selecionado no editor ativo","copilot.workspace.explain.description":"Explique como funciona o código no seu editor ativo","copilot.workspace.fix.description":"Propor uma correção para os problemas no código selecionado","copilot.workspace.fix.sampleRequest":"Há um problema neste código. Reescreva o código para mostrá-lo com o bug corrigido.","copilot.workspace.generate.description":"Gerar novo código","copilot.workspace.new.description":"Código de scaffold para um novo arquivo ou projeto em um espaço de trabalho","copilot.workspace.new.sampleRequest":"Crie um servidor API RESTful usando TypeScript","copilot.workspace.newNotebook.description":"Criar um novo Jupyter Notebook","copilot.workspace.newNotebook.sampleRequest":"Como fazer para criar um notebook para carregar dados de um arquivo csv?","copilot.workspace.review.description":"Examinar o código selecionado em seu editor ativo","copilot.workspace.sampleRequest":"Como fazer para construir este projeto?","copilot.workspace.semanticSearch.description":"Localizar código relevante para sua consulta","copilot.workspace.semanticSearch.sampleRequest":"Onde está o código da barra de ferramentas?","copilot.workspace.tests.description":"Gerar testes de unidade para o código selecionado","copilot.workspaceSymbols.tool.description":"Pesquise símbolos de workspace usando serviços de linguagem.","github.copilot.badge.signUp":"Inscreva-se no GitHub Copilot","github.copilot.badge.star":"Estrela do Copilot no GitHub","github.copilot.badge.twitter":"Seguir o GitHub no Twitter","github.copilot.badge.youtube":"Confira o GitHub no YouTube","github.copilot.chat.completionContext.typescript.mode":"O modo de execução do provedor de contexto do Copilot do TypeScript.","github.copilot.chat.copilotDebugCommand.enabled":"Se o comando `copilot-debug` está habilitado no terminal.","github.copilot.chat.editor.temporalContext.enabled":"Ao fazer uma solicitação de chat embutida, inclua arquivos exibidos e editados recentemente com solicitações do Copilot.","github.copilot.chat.edits.suggestRelatedFilesForTests":"Se deseja sugerir arquivos de origem dos arquivos de teste para o conjunto de trabalho de Edições do Copilot.","github.copilot.chat.edits.temporalContext.enabled":"Ao fazer edições, solicite se os arquivos exibidos e editados recentemente devem ser incluídos nas solicitações do Copilot.","github.copilot.chat.languageContext.fix.typescript.enabled":"Habilita o provedor de contexto da linguagem TypeScript para comandos /fix","github.copilot.chat.languageContext.inline.typescript.enabled":"Habilita o provedor de contexto da linguagem TypeScript para chats embutidos (gerar e editar)","github.copilot.chat.languageContext.typescript.cacheTimeout":"O tempo limite de preenchimento do cache para o provedor de contexto de linguagem TypeScript, em milissegundos. O padrão é 500 milissegundos.","github.copilot.chat.languageContext.typescript.enabled":"Habilita o provedor de contexto da linguagem TypeScript para conclusões embutidas","github.copilot.command.applyReviewSuggestion":"Aplicar","github.copilot.command.applyReviewSuggestionAndNext":"Aplicar e Ir para Próximo","github.copilot.command.applySuggestionWithCopilot":"Aplicar Sugestão com o Copilot","github.copilot.command.attachTerminalSelection":"Adicionar Seleção de Terminal ao Chat","github.copilot.command.buildLocalWorkspaceIndex":"Compilar Índice de Espaço de trabalho Local","github.copilot.command.buildRemoteWorkspaceIndex":"Criar o índice do espaço de trabalho remoto","github.copilot.command.collectDiagnostics":"Diagnóstico de Chat do GitHub Copilot","github.copilot.command.collectWorkspaceIndexDiagnostics":"Coletar Diagnósticos de Índice do Workspace","github.copilot.command.continueReviewInChat":"Exibir no Painel de Chat","github.copilot.command.continueReviewInInlineChat":"Descartar e Copiar para Chat Embutido","github.copilot.command.discardAllReviewSuggestion":"Descartar Tudo","github.copilot.command.discardReviewSuggestion":"Descartar","github.copilot.command.discardReviewSuggestionAndNext":"Descartar e Ir para Próximo","github.copilot.command.explainTerminalLastCommand":"Explicar o Último Comando do Terminal","github.copilot.command.explainTerminalSelection":"Explicar Seleção do Terminal","github.copilot.command.explainTerminalSelectionContextMenu":"Explicar","github.copilot.command.explainThis":"Explicar","github.copilot.command.fixTestFailure":"Corrigir Falha no Teste","github.copilot.command.fixThis":"Corrigir","github.copilot.command.generateConfiguration":"Gerar Configuração de Depuração com o GitHub Copilot","github.copilot.command.generateDocs":"Gerar Documentos","github.copilot.command.generateSTest":"Gerar STest da Última Solicitação de Chat","github.copilot.command.generateTests":"Gerar Testes","github.copilot.command.generateThis":"Gerar Isto","github.copilot.command.gotoNextReviewSuggestion":"Próxima Sugestão","github.copilot.command.gotoPreviousReviewSuggestion":"Sugestão Anterior","github.copilot.command.helpfulReviewSuggestion":"Útil","github.copilot.command.logWorkbenchState":"Registrar Estado do Workbench","github.copilot.command.openUserPreferences":"Abrir Preferências do Usuário","github.copilot.command.openWalkthrough":"Abrir Passo a passo...","github.copilot.command.rerunWithCopilotDebug":"Depurar o Último Comando do Terminal","github.copilot.command.reviewAndComment":"Revisão e Comentário","github.copilot.command.reviewChanges":"Revisão de Código do Copilot — Alterações Não Confirmadas","github.copilot.command.reviewChanges.cancel":"Revisão de código do Copilot – Cancelar","github.copilot.command.reviewStagedChanges":"Revisão de Código do Copilot - Alterações Preparadas","github.copilot.command.reviewUnstagedChanges":"Revisão de código do Copilot – Alterações não preparadas","github.copilot.command.sendChatFeedback":"Enviar Comentários do Chat","github.copilot.command.showNotebookLog":"Mostrar Bloco de notas do Log de Chat","github.copilot.command.unhelpfulReviewSuggestion":"Inútil","github.copilot.config.agent.currentEditorContext.enabled":"Quando habilitado, o Copilot incluirá o nome do editor ativo atual no contexto do modo de agente.","github.copilot.config.agent.runTasks":"Configura se o Copilot Edits pode executar tarefas do workspace no modo de agente.","github.copilot.config.agent.thinkingTool":"Habilita a ferramenta de raciocínio que permite que o Copilot pense profundamente sobre sua solicitação antes de gerar uma resposta no modo agente.","github.copilot.config.autoFix":"Corrija automaticamente o diagnóstico de arquivos editados.","github.copilot.config.byok.ollamaEndpoint":"O ponto de extremidade a ser usado para o Ollama quando acessado com a chave própria. Padrão para localhost.","github.copilot.config.codeGeneration.instruction.file":"Um caminho para um arquivo que será adicionado às solicitações do Copilot que geram código. Opcionalmente, você pode especificar um idioma para a instrução.","github.copilot.config.codeGeneration.instruction.text":"Uma instrução de texto que será adicionada às solicitações do Copilot que geram código. Opcionalmente, você pode especificar um idioma para a instrução.","github.copilot.config.codeGeneration.instructions":"Um conjunto de instruções que serão adicionadas às solicitações do Copilot que geram código.\nAs instruções podem vir de: \n— um arquivo no workspace: `{ \"file\": \"fileName\" }`\n— texto em linguagem natural: `{ \"text\": \"Use underscore for field names.\" }`\n\nObservação: mantenha suas instruções curtas e precisas. Instruções ruins podem prejudicar a qualidade e o desempenho do Copilot.","github.copilot.config.codeGeneration.useInstructionFiles":"Controla se as instruções de código de `.github/copilot-instructions.md` são adicionadas às solicitações do Copilot.\n\nObservação: Mantenha suas instruções curtas e precisas. Instruções inadequadas podem prejudicar a qualidade e o desempenho do Copilot. [Saiba mais](https://aka.ms/github-copilot-custom-instructions) sobre como personalizar o Copilot.","github.copilot.config.codesearch.enabled":"Se a pesquisa de códigos do agentic deve ser habilitada ao usar `#codebase`.","github.copilot.config.commitMessageGeneration.instruction.file":"Um caminho para um arquivo com instruções que serão adicionadas às solicitações do Copilot que geram mensagens de confirmação.","github.copilot.config.commitMessageGeneration.instruction.text":"Instruções de texto que serão adicionadas às solicitações do Copilot que geram mensagens de confirmação.","github.copilot.config.commitMessageGeneration.instructions":"Um conjunto de instruções que será adicionado às solicitações do Copilot que geram mensagens de confirmação.\nAs instruções podem vir de: \n- um arquivo no espaço de trabalho: `{ \"file\": \"fileName\" }`\n– texto em idioma natural: `{ \"text\": \"Use conventional commit message format.\" }`\n\nObservação: Mantenha suas instruções curtas e precisas. Más instruções podem prejudicar a qualidade e o desempenho do Copilot.","github.copilot.config.debugTerminalCommandPatterns":"Uma lista de comandos para os quais a ação de correção rápida do \"Comando de Depuração\" deve ser mostrada no terminal de depuração.","github.copilot.config.debugTerminalCommands":"Se as dicas de correção rápidas devem ser encontradas no terminal de depuração e no comando 'copilot-debug'.","github.copilot.config.edits.codesearch.enabled":"Essa configuração foi preterida em favor de `#github.copilot.chat.codesearch.enabled#`.","github.copilot.config.edits.enabled":"Se habilitar o recurso Edições do Copilot.","github.copilot.config.edits.suggestRelatedFilesFromGitHistory":"Se deve sugerir arquivos relacionados do histórico do Git para o conjunto de trabalho de Edições do Copilot.","github.copilot.config.editsNewNotebook.enabled":"Se a nova ferramenta de notebook em Edições do Copilot deve ser habilitada.","github.copilot.config.enableCodeActions":"Controla se os comandos do Copilot serão mostrados como ações de código quando disponíveis","github.copilot.config.enableUserPreferences":"Habilitar a memorização de preferências do usuário no modo de agente.","github.copilot.config.experimental.testGeneration.instruction.file":"Um caminho para um arquivo que será adicionado às solicitações do Copilot que geram testes. Opcionalmente, você pode especificar um idioma para a instrução.","github.copilot.config.experimental.testGeneration.instruction.text":"Uma instrução de texto que será adicionada às solicitações do Copilot que geram testes. Opcionalmente, você pode especificar um idioma para a instrução.","github.copilot.config.generateTests.codeLens":"Mostrar a lente de código 'Gerar testes' para símbolos que não são cobertos pelas informações de cobertura de teste atuais.","github.copilot.config.localeOverride":"Especifique uma localidade na qual o Copilot deve responder, por exemplo. `en` ou `fr`. Por padrão, o Copilot responderá usando a localidade do idioma de exibição configurada do VS Code.","github.copilot.config.newWorkspaceCreation.enabled":"Se deve habilitar a criação de um novo workspace agêntico.","github.copilot.config.notebook.followCellExecution":"Controla se a célula em execução no momento é revelada no visor após a execução do Copilot.","github.copilot.config.pullRequestDescriptionGeneration.instruction.file":"Um caminho para um arquivo com instruções que serão adicionadas às solicitações do Copilot que geram títulos e descrições de pull requests.","github.copilot.config.pullRequestDescriptionGeneration.instruction.text":"Instruções de texto que serão adicionadas às solicitações do Copilot que geram títulos e descrições de solicitação pull.","github.copilot.config.pullRequestDescriptionGeneration.instructions":"Um conjunto de instruções que serão adicionadas às solicitações do Copilot que geram títulos e descrições de pull requests.\nAs instruções podem vir de: \n– um arquivo no espaço de trabalho: `{ \"file\": \"fileName\" }`\n– texto em linguagem natural: `{ \"text\": \"Sempre inclua uma lista das principais alterações\". }`\n\nObservação: mantenha suas instruções curtas e precisas. Instruções ruins podem prejudicar a qualidade e o desempenho do Copilot.","github.copilot.config.renameSuggestions.triggerAutomatically":"Controla se o Copilot gera sugestões para renomeação","github.copilot.config.reviewSelection.enabled":"Habilita revisão de código na seleção atual.","github.copilot.config.reviewSelection.instruction.file":"Um caminho para um arquivo que será adicionado às solicitações do Copilot que fornecem revisão de código para a seleção atual. Opcionalmente, você pode especificar uma linguagem para a instrução.","github.copilot.config.reviewSelection.instruction.text":"Uma instrução de texto que será adicionada às solicitações do Copilot que fornecem revisão de código para a seleção atual. Opcionalmente, você pode especificar uma linguagem para a instrução.","github.copilot.config.reviewSelection.instructions":"Um conjunto de instruções que será adicionado às solicitações do Copilot que fornecem revisão de código para a seleção atual.\nAs instruções podem vir de: \n- um arquivo no espaço de trabalho: `{ \"file\": \"fileName\" }`\n- texto em linguagem natural: `{ \"text\": \"Use underscore for field names.\" }`\n\nObservação: Mantenha suas instruções curtas e precisas. Instruções ruins podem degradar a eficácia do Copilot.","github.copilot.config.scopeSelection":"Se o usuário deve ser solicitado a selecionar um escopo de símbolo específico se ele usar `/explain` e o editor ativo não tiver nenhuma seleção.","github.copilot.config.setupTests.enabled":"Habilita a intenção e o prompt '/setupTests' na geração de '/tests'.","github.copilot.config.startDebugging.enabled":"Habilita a intent '/startDebugging' no chat do painel. Gera ou localiza a configuração de inicialização para corresponder à consulta (se houver), à estrutura do projeto e muito mais.","github.copilot.config.summarizeAgentConversationHistory.enabled":"Se deseja resumir automaticamente o histórico de conversas do agente depois que a janela de contexto for preenchida.","github.copilot.config.terminalChatLocation":"Controla onde as consultas de chat do terminal devem ser abertas.","github.copilot.config.terminalChatLocation.chatView":"Abra o modo de exibição de chat.","github.copilot.config.terminalChatLocation.quickChat":"Abra o chat rápido.","github.copilot.config.terminalChatLocation.terminal":"Abrir o chat embutido do terminal","github.copilot.config.testGeneration.instructions":"Um conjunto de instruções que será adicionado às solicitações do Copilot que geram testes.\nAs instruções podem vir de: \n— um arquivo no workspace: `{ \"file\": \"fileName\" }`\n— texto em linguagem natural: `{ \"text\": \"Use underscore for field names.\" }`\n\nObservação: mantenha suas instruções curtas e precisas. Instruções ruins podem prejudicar a qualidade e o desempenho do Copilot.","github.copilot.config.useProjectTemplates":"Usar projetos relevantes do GitHub como projetos de início ao utilizar \"/new\"","github.copilot.devcontainer.generateDevContainerConfig":"Gerar a Configuração do Contêiner de Desenvolvimento com o Copilot","github.copilot.git.generateCommitMessage":"Gerar Mensagem de Confirmação com o Copilot","github.copilot.icon":"Ícone do GitHub Copilot","github.copilot.nextEditSuggestions.enabled":"Se as sugestões de próxima edição (NES) devem ser habilitadas.\n\nO NES pode propor uma próxima edição com base em suas alterações recentes. [Saiba mais](https://aka.ms/vscode-nes) sobre próximas sugestões de edição.","github.copilot.nextEditSuggestions.fixes":"Se deseja oferecer correções para diagnóstico por meio das próximas sugestões de edição (NES).","github.copilot.resetAutomaticCommandExecutionPrompt":"Redefinir Prompt de Execução Automática de Comando","github.copilot.submenu.copilot.label":"Copilot","github.copilot.submenu.reviewComment.applyAndNext.label":"Aplicar e Ir para Próximo","github.copilot.submenu.reviewComment.discard.label":"Descartar","github.copilot.submenu.reviewComment.discardAndNext.label":"Descartar e Ir para Próximo","github.copilot.tools.createAndRunTask.description":"Criar e executar uma tarefa no espaço de trabalho","github.copilot.tools.createAndRunTask.name":"Criar e Executar Tarefa","github.copilot.tools.createAndRunTask.userDescription":"Criar e executar uma tarefa no espaço de trabalho","github.copilot.tools.createNewWorkspace.name":"Criar Novo Workspace","github.copilot.tools.createNewWorkspace.userDescription":"Crie um novo espaço de trabalho no VS Code","github.copilot.tools.getProjectSetupInfo.name":"Obter Informações de Instalação do Projeto","github.copilot.tools.githubRepo.name":"Pesquisar Repositório GitHub","github.copilot.tools.githubRepo.userDescription":"Pesquisa snippets de código-fonte relevantes em um repositório do GitHub. Você pode especificar um repositório usando \"proprietário/repositório\"","github.copilot.tools.openEmptyFolder.name":"Abra uma pasta vazia como espaço de trabalho do VS Code","github.copilot.tools.searchResults.description":"Os resultados da exibição de pesquisa","github.copilot.tools.searchResults.name":"Resultados da Exibição de Pesquisa","github.copilot.tools.terminalLastCommand.description":"O último comando de execução do terminal ativo","github.copilot.tools.terminalLastCommand.name":"Último Comando do Terminal","github.copilot.tools.terminalSelection.description":"Seleção do terminal ativo","github.copilot.tools.terminalSelection.name":"Seleção de Terminal","github.copilot.viewsWelcome.chatDisabled":"O chat do GitHub Copilot está atualmente desabilitado para sua conta por um administrador da organização. Entre em contato com um administrador da organização para habilitar o chat.\n\n[Saiba mais](https://docs.github.com/en/copilot/managing-copilot/managing-github-copilot-in-your-organization/managing-github-copilot-features-in-your-organization/managing-policies-for-copilot-in-your-organization)","github.copilot.viewsWelcome.contactSupport":"Parece haver um problema com sua conta. Entre em contato com o suporte do GitHub.\n\n[Contate o Suporte](https://support.github.com/?editor=vscode)","github.copilot.viewsWelcome.debug":"O GitHub Copilot Chat pode ajudá-lo a começar a depuração, seja com base em um [terminal command](command:github.copilot.chat.startCopilotDebugCommand) ou com [interactive chat](command:workbench.action.chat.open?%7B%22query%22%3A%22%40vscode%20%2FstartDebugging%20%22%2C%22isPartialQuery%22%3Atrue%7D).","github.copilot.viewsWelcome.enterprise":"Contate o administrador da organização do GitHub para habilitar o Copilot.","github.copilot.viewsWelcome.individual.expired":"Sua assinatura do Copilot expirou.\n\n[Examinar configurações do Copilot](https://github.com/settings/copilot?editor=vscode)","github.copilot.viewsWelcome.offline":"Atualmente, você está offline. Conecte-se à Internet para usar o GitHub Copilot.\n\n[Repetir Conexão](command:github.copilot.refreshToken)","github.copilot.viewsWelcome.signIn":"Entre para usar os recursos de IA do Copilot.\n\n[Entre para usar o Copilot](command:workbench.action.chat.triggerSetup)","github.copilot.viewsWelcome.switchToReleaseChannel":"No momento, não há suporte para a versão de pré-lançamento da extensão de chat do GitHub Copilot na versão estável do VS Code. Alterne para a versão de lançamento do Chat do GitHub Copilot ou tente VS Code Insiders.\n\n[Alternar para Versão de Lançamento e Recarregar](command:runCommands?%7B%22commands%22%3A%5B%7B%22command%22%3A%22workbench.extensions.action.switchToRelease%22%2C%22args%22%3A%5B%22GitHub.copilot-chat%22%5D%7D%2C%22workbench.action.reloadWindow%22%5D%7D)\n\n[Alternar para VS Code Insiders](https://aka.ms/vscode-insiders)","github.copilot.walkthrough.description":"Seu programador de pares de IA para escrever código de forma mais rápida e inteligente","github.copilot.walkthrough.edits.description":"Use **Copilot Edits** para selecionar os arquivos com os quais você quer trabalhar e descreva as alterações que você quer fazer. O Copilot irá aplicá-las diretamente aos seus arquivos.\n[Edite com o Copilot](command:workbench.action.chat.open?%7B%22mode%22%3A%22edit%22%7D)","github.copilot.walkthrough.edits.media.altText":"O vídeo mostra o usuário arrastando e soltando arquivos na caixa de entrada Edição do Copilot localizada na barra lateral secundária. Em seguida, o Copilot atualiza o arquivo de acordo com a solicitação do usuário","github.copilot.walkthrough.edits.title":"Fazer alterações usando o idioma natural","github.copilot.walkthrough.firstSuggest.description":"Conforme você digita no editor, o Copilot sugere o código para ajudá-lo a concluir o que começou.","github.copilot.walkthrough.firstSuggest.media.altText":"O vídeo mostra diferentes conclusões do Copilot, em que o Copilot sugere código para ajudar o usuário a concluir seu código","github.copilot.walkthrough.firstSuggest.title":"Conclusões de código sugeridas por IA","github.copilot.walkthrough.inlineChatMac.description":"Às vezes, é mais fácil descrever o código que você quer escrever diretamente em um arquivo.\nColoque o cursor ou faça uma seleção e use **''Cmd+I''** para abrir **Chat embutido**.","github.copilot.walkthrough.inlineChatMac.media.altText":"O vídeo mostra o usuário invocando o widget de chat embutido e solicitando que o Copilot faça uma alteração no arquivo usando linguagem natural. Em seguida, o Copilot faz a alteração solicitada","github.copilot.walkthrough.inlineChatMac.title":"Use linguagem natural nos seus arquivos","github.copilot.walkthrough.inlineChatNotMac.description":"Às vezes, é mais fácil descrever o código que você quer escrever diretamente em um arquivo.\nColoque o cursor ou faça uma seleção e use **'Ctrl+I''** para abrir **Chat embutido**.","github.copilot.walkthrough.inlineChatNotMac.media.altText":"Modo de exibição Chat embutido no editor. O vídeo mostra o usuário invocando o widget de chat embutido e solicitando que o Copilot faça uma alteração no arquivo usando linguagem natural. Em seguida, o Copilot faz a alteração solicitada","github.copilot.walkthrough.inlineChatNotMac.title":"Use linguagem natural nos seus arquivos","github.copilot.walkthrough.panelChat.description":"Faça perguntas sobre programação ao Copilot ou obtenha ajuda com seu código usando **@workspace**.\n Digite ''@'' para ver todos os participantes disponíveis do chat com os quais você pode conversar diretamente, cada um com sua própria especialização.\n[Converse com o Copilot](command:workbench.action.chat.open?%7B%22mode%22%3A%22ask%22%7D)","github.copilot.walkthrough.panelChat.media.altText":"O usuário invoca @workspace no painel do Copilot Chat na barra lateral secundária para entender a base de código. O Copilot recupera as informações relevantes e fornece uma resposta com links para os arquivos","github.copilot.walkthrough.panelChat.title":"Converse sobre seu código","github.copilot.walkthrough.setup.noAction.description":"Você pode usar o Copilot para gerar código em vários arquivos, corrigir erros, fazer perguntas sobre seu código e muito mais usando linguagem natural.\n Agora, damos [Copilot for free](https://github.com/features/copilot/plans) com sua conta do GitHub.","github.copilot.walkthrough.setup.signIn.description":"Você pode usar o Copilot para gerar código em vários arquivos, corrigir erros, fazer perguntas sobre seu código e muito mais, tudo isso usando linguagem natural.\n Agora, oferecemos o [Copilot gratuitamente](https://github.com/features/copilot/plans) com sua conta do GitHub.\n\n[Use o Copilot gratuitamente](command:workbench.action.chat.triggerSetup)","github.copilot.walkthrough.setup.signIn.title":"Entre para usar o Copilot gratuitamente","github.copilot.walkthrough.setup.signUp.description":"Você pode usar o Copilot para gerar código em vários arquivos, corrigir erros, fazer perguntas sobre seu código e muito mais, tudo isso usando linguagem natural.\n Agora, oferecemos o [Copilot gratuitamente](https://github.com/features/copilot/plans) com sua conta do GitHub.\n\n[Use o Copilot gratuitamente](command:workbench.action.chat.triggerSetup)","github.copilot.walkthrough.setup.signUp.title":"Comece a usar o Copilot gratuitamente","github.copilot.walkthrough.signIn.description":"Para começar a usar o Copilot, entre com sua conta do GitHub.\nVerifique se você está usando a conta correta do GitHub. Você também pode fazer login mais tarde usando o menu da conta.\n\n[Entrar](command:github.copilot.signIn)","github.copilot.walkthrough.signIn.media.altText":"Entre no GitHub por meio deste passo a passo ou do menu de conta do VS Code","github.copilot.walkthrough.signIn.title":"Entrar com o GitHub","github.copilot.walkthrough.sparkle.description":"O Copilot aprimora sua experiência de codificação com ações inteligentes da plataforma AI em toda VS Code interface.\nProcure ícones $(sparkle), como no [Source Control view](command:workbench.view.scm), em que o Copilot gera mensagens de confirmação e descrições de PR com base em alterações de código.\n\n[Discover Tips and Tricks](https://code.visualstudio.com/docs/copilot/copilot-vscode-features)","github.copilot.walkthrough.sparkle.media.altText":"O vídeo mostra o ícone de brilho na caixa de entrada do controle do código-fonte clicando, disparando o GitHub Copilot para gerar uma mensagem de confirmação automaticamente","github.copilot.walkthrough.sparkle.title":"Procure ações inteligentes","github.copilot.walkthrough.title":"GitHub Copilot"}
