{"copilot.agent.description":"Modificare file nell'area di lavoro in modalità agente","copilot.codebase.tool.description":"Trova blocchi di file, simboli e altre informazioni pertinenti nella codebase","copilot.description":"Chiedi a Copilot","copilot.edits.description":"Modifica i file nell'area di lavoro","copilot.listCodeUsages.tool.description":"Trova riferimenti, definizioni e altri utilizzo di un simbolo","copilot.terminal.description":"Chiedi a Copilot","copilot.terminal.explain.description":"Spiega qualcosa nel terminale","copilot.terminal.explain.sampleRequest":"Spiega l'ultimo comando","copilot.terminal.sampleRequest":"Come visualizzo tutti i file all'interno di una directory, incluse le sottodirectory?","copilot.terminalPanel.description":"Chiedi come eseguire un’operazione nel terminale","copilot.testFailure.tool.description":"Include informazioni sull'ultimo errore del test unità","copilot.toolSet.editing.description":"Modifica i file nell'area di lavoro","copilot.toolSet.new.description":"Eseguire lo scaffolding di una nuova area di lavoro in Visual Studio Code","copilot.toolSet.runCommand.description":"Esegui comandi nel terminale","copilot.toolSet.runNotebook.description":"Esegui celle del notebook","copilot.toolSet.runTasks.description":"Esegui attività nell'area di lavoro","copilot.toolSet.search.description":"Cerca e leggi i file nell'area di lavoro","copilot.tools.applyPatch.description":"Modifica i file di testo nell'area di lavoro","copilot.tools.applyPatch.name":"Applica patch","copilot.tools.changes.description":"Recupera le differenze dei file modificati","copilot.tools.createDirectory.name":"Crea directory","copilot.tools.createFile.name":"Crea file","copilot.tools.editNotebook.name":"Modifica notebook","copilot.tools.errors.description":"Controlla gli errori per un file specifico","copilot.tools.fetchWebPage.description":"Recuperare il contenuto principale da una pagina Web. È necessario includere l'URL della pagina da cui si desidera eseguire il recupero.","copilot.tools.fetchWebPage.name":"Recupera pagina Web","copilot.tools.findFiles.name":"Cerca in File","copilot.tools.findTestFiles.description":"Per un file di codice sorgente, trova il file che contiene i test. Per un file di test, trova il file che contiene il codice sottoposto a test","copilot.tools.findTestFiles.name":"Trova file di test","copilot.tools.findTextInFiles.name":"Trova testo nei file","copilot.tools.getChangedFiles.name":"Modifiche Git","copilot.tools.getDocInfo.description":"Per un simbolo come una classe o una funzione, trovare le informazioni su come documentarlo","copilot.tools.getDocInfo.name":"Informazioni sul documento","copilot.tools.getErrors.name":"Ottieni problemi","copilot.tools.getNotebookCellOutput.description":"Leggi l'output di una cella eseguita in precedenza","copilot.tools.getNotebookCellOutput.name":"Recupera output della cella del Blocco appunti","copilot.tools.getTerminalOutput.name":"Recupera output del terminale","copilot.tools.getVSCodeAPI.name":"Recupera riferimenti all'API di Visual Studio Code","copilot.tools.insertEdit.name":"Modifica file","copilot.tools.listCodeUsages.name":"Trova utilizzi","copilot.tools.listDirectory.name":"Elenco directory","copilot.tools.newJupyterNotebook.description":"Crea un nuovo Jupyter Notebook","copilot.tools.openSimpleBrowser.description":"Visualizza in anteprima un sito Web ospitato localmente nel browser semplice","copilot.tools.openSimpleBrowser.name":"Apri browser semplice","copilot.tools.readFile.name":"Leggi file","copilot.tools.readProjectStructure.name":"Struttura del progetto","copilot.tools.replaceString.name":"Sostituisci stringa nel file","copilot.tools.runInTerminal.name":"Esegui nel terminale","copilot.tools.runNotebookCell.description":"Attiva l'esecuzione di una cella in un file del notebook","copilot.tools.runNotebookCell.name":"Esegui cella del notebook","copilot.tools.runTests.name":"Esegui i test","copilot.tools.searchCodebase.name":"Codebase","copilot.tools.searchWorkspaceSymbols.name":"Simboli dell'area di lavoro","copilot.tools.testFailure.name":"Test non riuscito","copilot.tools.think.name":"Pensa","copilot.tools.updateUserPreferences.name":"Aggiorna preferenze utente","copilot.vscode.api.description":"Chiedi informazioni sullo sviluppo di estensioni VS Code","copilot.vscode.api.sampleRequest":"Come è possibile aggiungere testo alla barra di stato?","copilot.vscode.description":"Poni domande su VS Code","copilot.vscode.sampleRequest":"Qual è il comando per aprire il terminale integrato?","copilot.vscode.search.description":"Genera i parametri di query per la ricerca nell'area di lavoro","copilot.vscode.search.sampleRequest":"Cercare 'foo' in tutti i file nella directory 'src'","copilot.vscode.setupTests.description":"Configurare i test nel progetto (sperimentale)","copilot.vscode.setupTests.sampleRequest":"aggiungi test di playwright al progetto","copilot.vscode.startDebugging.description":"Generare la configurazione di avvio e avviare il debug in VS Code (sperimentale)","copilot.vscode.startDebugging.sampleRequest":"Collega all'app Node sulla porta 9229","copilot.vscode.tool.description":"Usare i riferimenti all'API VS Code per rispondere a domande sullo sviluppo di estensioni VS Code.","copilot.workspace.description":"Richiedi informazioni sull'area di lavoro","copilot.workspace.doc.description":"Aggiungere il commento della documentazione per questo simbolo","copilot.workspace.edit.description":"Modifica i file nell'area di lavoro","copilot.workspace.edit.inline.description":"Consente di modificare il codice selezionato nell'editor attivo","copilot.workspace.explain.description":"Spiegare il funzionamento del codice nell'editor attivo","copilot.workspace.fix.description":"Proporre una soluzione per i problemi del codice selezionato.","copilot.workspace.fix.sampleRequest":"Si è verificato un problema in questo codice. Riscrivere il codice per visualizzarlo con il bug corretto.","copilot.workspace.generate.description":"Genera nuovo codice","copilot.workspace.new.description":"Codice di scaffolding per un nuovo file o progetto in un'area di lavoro","copilot.workspace.new.sampleRequest":"Creare un server API RESTful usando typescript","copilot.workspace.newNotebook.description":"Crea un nuovo Jupyter Notebook","copilot.workspace.newNotebook.sampleRequest":"Come è possibile creare un blocco appunti per caricare i dati da un file CSV?","copilot.workspace.review.description":"Consente di rivedere il codice selezionato nell'editor attivo","copilot.workspace.sampleRequest":"Come è possibile compilare il progetto?","copilot.workspace.semanticSearch.description":"Trova codice pertinente per la query","copilot.workspace.semanticSearch.sampleRequest":"Dov'è il codice della barra degli strumenti?","copilot.workspace.tests.description":"Genera unit test per il codice selezionato","copilot.workspaceSymbols.tool.description":"Cercare i simboli dell'area di lavoro usando i servizi di linguaggio.","github.copilot.badge.signUp":"Iscriviti a GitHub Copilot","github.copilot.badge.star":"Star Copilot su GitHub","github.copilot.badge.twitter":"Segui GitHub su Twitter","github.copilot.badge.youtube":"Guarda GitHub su YouTube","github.copilot.chat.completionContext.typescript.mode":"Modalità di esecuzione del provider di contesto TypeScript Copilot.","github.copilot.chat.copilotDebugCommand.enabled":"Indica se il comando 'copilot-debug' è abilitato nel terminale.","github.copilot.chat.editor.temporalContext.enabled":"Quando si effettua una richiesta di chat inline se includere i file visualizzati e modificati di recente con le richieste di Copilot.","github.copilot.chat.edits.suggestRelatedFilesForTests":"Indica se suggerire i file origine dai file di test per il set di lavoro Copilot Edits.","github.copilot.chat.edits.temporalContext.enabled":"Quando si effettua una richiesta di modifica, specificare se includere i file visualizzati e modificati di recente con le richieste di Copilot.","github.copilot.chat.languageContext.fix.typescript.enabled":"Abilita il provider del contesto del linguaggio TypeScript per i comandi /fix","github.copilot.chat.languageContext.inline.typescript.enabled":"Abilita il provider di contesto del linguaggio TypeScript per le chat inline (genera e modifica)","github.copilot.chat.languageContext.typescript.cacheTimeout":"Il timeout per il popolamento della cache per il provider del contesto del linguaggio TypeScript, in millisecondi. L'impostazione predefinita è 500 millisecondi.","github.copilot.chat.languageContext.typescript.enabled":"Abilita il provider del contesto del linguaggio TypeScript per i completamenti inline","github.copilot.command.applyReviewSuggestion":"Applica","github.copilot.command.applyReviewSuggestionAndNext":"Applica e vai all'elemento successivo","github.copilot.command.applySuggestionWithCopilot":"Applica suggerimento con Copilot","github.copilot.command.attachTerminalSelection":"Aggiungi selezione terminale alla chat","github.copilot.command.buildLocalWorkspaceIndex":"Compilare l'indice dell'area di lavoro locale","github.copilot.command.buildRemoteWorkspaceIndex":"Crea indice area di lavoro remota","github.copilot.command.collectDiagnostics":"Diagnostica di chat di GitHub Copilot","github.copilot.command.collectWorkspaceIndexDiagnostics":"Raccogli diagnosi degli indici dell'area di lavoro","github.copilot.command.continueReviewInChat":"Visualizza nel pannello della chat","github.copilot.command.continueReviewInInlineChat":"Rimuovi e copia nella chat inline","github.copilot.command.discardAllReviewSuggestion":"Rimuovi tutto","github.copilot.command.discardReviewSuggestion":"Rimuovi","github.copilot.command.discardReviewSuggestionAndNext":"Rimuovi e vai all'elemento successivo","github.copilot.command.explainTerminalLastCommand":"Spiega ultimo comando terminale","github.copilot.command.explainTerminalSelection":"Spiega la selezione del terminale","github.copilot.command.explainTerminalSelectionContextMenu":"Spiega","github.copilot.command.explainThis":"Spiega","github.copilot.command.fixTestFailure":"Correggi test non superato","github.copilot.command.fixThis":"Correggi","github.copilot.command.generateConfiguration":"Generare la configurazione di debug con GitHub Copilot","github.copilot.command.generateDocs":"Genera documenti","github.copilot.command.generateSTest":"Genera STest dall'ultima richiesta di chat","github.copilot.command.generateTests":"Genera test","github.copilot.command.generateThis":"Genera questo","github.copilot.command.gotoNextReviewSuggestion":"Suggerimento successivo","github.copilot.command.gotoPreviousReviewSuggestion":"Suggerimento precedente","github.copilot.command.helpfulReviewSuggestion":"Utile","github.copilot.command.logWorkbenchState":"Stato di Log Workbench","github.copilot.command.openUserPreferences":"Apri preferenze utente","github.copilot.command.openWalkthrough":"Apri procedura dettagliata","github.copilot.command.rerunWithCopilotDebug":"Eseguire il debug dell'ultimo comando del terminale","github.copilot.command.reviewAndComment":"Revisione e commento","github.copilot.command.reviewChanges":"Revisione del codice di Copilot - Modifiche non sottoposte a commit","github.copilot.command.reviewChanges.cancel":"Revisione del codice di Copilot - Annulla","github.copilot.command.reviewStagedChanges":"Revisione del codice di Copilot - Modifiche a fasi","github.copilot.command.reviewUnstagedChanges":"Revisione del codice di Copilot - Modifiche non preparate per il commit","github.copilot.command.sendChatFeedback":"Invia feedback sulla chat","github.copilot.command.showNotebookLog":"Mostra blocco appunti del log della chat","github.copilot.command.unhelpfulReviewSuggestion":"Poco utile","github.copilot.config.agent.currentEditorContext.enabled":"Se questa opzione è abilitata, Copilot includerà il nome dell'editor attivo corrente nel contesto per la modalità agente.","github.copilot.config.agent.runTasks":"Configura se Copilot Edits può eseguire le attività dell'area di lavoro in modalità agente.","github.copilot.config.agent.thinkingTool":"Abilita lo strumento di pensiero che consente a Copilot di analizzare approfonditamente la tua richiesta prima di generare una risposta in modalità agente.","github.copilot.config.autoFix":"Correggere automaticamente i dati diagnostici per i file modificati.","github.copilot.config.byok.ollamaEndpoint":"L'endpoint da usare per Ollama quando l’accesso viene eseguito tramite Bring Your Own Key. L'impostazione predefinita è localhost.","github.copilot.config.codeGeneration.instruction.file":"Percorso di un file che verrà aggiunto alle richieste Copilot che generano codice. Facoltativamente, è possibile specificare una lingua per l'istruzione.","github.copilot.config.codeGeneration.instruction.text":"Istruzione di testo che verrà aggiunta alle richieste Copilot che generano codice. Facoltativamente, è possibile specificare una lingua per l'istruzione.","github.copilot.config.codeGeneration.instructions":"Set di istruzioni che verrà aggiunto alle richieste Copilot che generano codice.\nLe istruzioni possono provenire da: \n- un file nell'area di lavoro: `{ \"file\": \"fileName\" }`\n- testo in linguaggio naturale: `{ \"text\": \"Use underscore for field names.\" }`\n\nNota: mantenere le istruzioni brevi e precise. Le istruzioni poco chiare possono ridurre la qualità e le prestazioni di Copilot.","github.copilot.config.codeGeneration.useInstructionFiles":"Controllare che le istruzioni del codice da \".github/copilot-instructions.md\" vengano aggiunte alle richieste di Copilot.\n\nNota: le istruzioni devono essere brevi e precise. Istruzioni poco chiare possono ridurre la qualità e le prestazioni di Copilot. [Altre informazioni](https://aka.ms/github-copilot-custom-instructions) sulla personalizzazione di Copilot.","github.copilot.config.codesearch.enabled":"Indica se abilitare la ricerca di codice agentic quando si utilizza '#codebase'.","github.copilot.config.commitMessageGeneration.instruction.file":"Percorso di un file con istruzioni che verranno aggiunte alle richieste Copilot che generano messaggi di commit.","github.copilot.config.commitMessageGeneration.instruction.text":"Istruzioni di testo che verranno aggiunte alle richieste Copilot che generano codice.","github.copilot.config.commitMessageGeneration.instructions":"Set di istruzioni che verrà aggiunto alle richieste Copilot che generano messaggi di commit.\nLe istruzioni possono provenire da: \n- un file nell'area di lavoro: '{ \"file\": \"fileName\" }'\n- testo in linguaggio naturale: '{ \"text\": \"Use conventional commit message format.\" }`\n\nNota: le istruzioni devono essere brevi e precise. Istruzioni poco chiare possono ridurre la qualità e le prestazioni di Copilot.","github.copilot.config.debugTerminalCommandPatterns":"Elenco di comandi per cui visualizzare l'azione di correzione rapida \"Comando debug\" nel terminale di debug.","github.copilot.config.debugTerminalCommands":"Indica se correggere rapidamente gli hint nel terminale di debug e nel comando `copilot-debug`.","github.copilot.config.edits.codesearch.enabled":"Questa impostazione è stata deprecata a favore di '#github.copilot.chat.codesearch.enabled#'.","github.copilot.config.edits.enabled":"Indica se abilitare la funzionalità Modifiche di Copilot.","github.copilot.config.edits.suggestRelatedFilesFromGitHistory":"Indica se suggerire i file correlati dalla cronologia Git per il set di lavoro Copilot Edits.","github.copilot.config.editsNewNotebook.enabled":"Indica se abilitare il nuovo strumento blocco appunti in Copilot Edits.","github.copilot.config.enableCodeActions":"Controlla se i comandi di Copilot vengono visualizzati come azioni codice quando disponibili","github.copilot.config.enableUserPreferences":"Abilita la memorizzazione delle preferenze utente in modalità agente.","github.copilot.config.experimental.testGeneration.instruction.file":"Percorso di un file che verrà aggiunto alle richieste Copilot che generano test. Facoltativamente, è possibile specificare una lingua per l'istruzione.","github.copilot.config.experimental.testGeneration.instruction.text":"Istruzione di testo che verrà aggiunta alle richieste Copilot che generano test. Facoltativamente, è possibile specificare una lingua per l'istruzione.","github.copilot.config.generateTests.codeLens":"Mostra il code lens 'Genera test' per i simboli non coperti dalle informazioni del code coverage del test correnti.","github.copilot.config.localeOverride":"Specificare le impostazioni locali in cui Copilot deve rispondere, ad esempio 'en' o 'fr'. Per impostazione predefinita, Copilot risponderà usando le impostazioni locali della lingua di visualizzazione configurate di VS Code.","github.copilot.config.newWorkspaceCreation.enabled":"Indica se abilitare la creazione di una nuova area di lavoro agentic.","github.copilot.config.notebook.followCellExecution":"Controlla se la cella attualmente in esecuzione viene rivelata nel riquadro di visualizzazione al momento dell'esecuzione da Copilot.","github.copilot.config.pullRequestDescriptionGeneration.instruction.file":"Percorso a un file contenente istruzioni che verrà aggiunto alle richieste Copilot che generano titoli e descrizioni per le richieste pull.","github.copilot.config.pullRequestDescriptionGeneration.instruction.text":"Istruzioni di testo che verranno aggiunte alle richieste Copilot che generano titoli e descrizioni delle richieste pull.","github.copilot.config.pullRequestDescriptionGeneration.instructions":"Set di istruzioni che verrà aggiunto alle richieste Copilot che generano titoli e descrizioni per le richieste pull.\nLe istruzioni possono provenire da: \n- un file nell'area di lavoro: '{ \"file\": \"fileName\" }'\n- testo in linguaggio naturale: '{ \"text\": \"Includi sempre un elenco di modifiche chiave\".\" }`\n\nNota: le istruzioni devono essere brevi e precise. Istruzioni poco chiare possono ridurre la qualità e le prestazioni di Copilot.","github.copilot.config.renameSuggestions.triggerAutomatically":"Controlla se Copilot genera suggerimenti per la ridenominazione","github.copilot.config.reviewSelection.enabled":"Abilita la revisione del codice per la selezione corrente.","github.copilot.config.reviewSelection.instruction.file":"Percorso di un file che verrà aggiunto alle richieste di Copilot che forniscono la revisione del codice per la selezione corrente. Facoltativamente, è possibile specificare un linguaggio per l'istruzione.","github.copilot.config.reviewSelection.instruction.text":"Istruzione testuale che verrà aggiunta alle richieste di Copilot che forniscono la revisione del codice per la selezione corrente. Facoltativamente, è possibile specificare un linguaggio per l'istruzione.","github.copilot.config.reviewSelection.instructions":"Set di istruzioni che verrà aggiunto alle richieste di Copilot che forniscono la revisione del codice per la selezione corrente.\nLe istruzioni possono provenire da: \n- un file nell'area di lavoro: '{ \"file\": \"fileName\" }'\n- testo in linguaggio naturale: `{ \"text\": \"Use underscore for field names.\" }`\n\nNota: le istruzioni devono essere brevi e precise. Istruzioni poco chiare possono compromettere l'efficacia di Copilot.","github.copilot.config.scopeSelection":"Indica se chiedere all'utente di selezionare un ambito di simboli specifico se l'utente usa '/explain' e l'editor attivo non ha alcuna selezione.","github.copilot.config.setupTests.enabled":"Abilita la finalità \"/setupTests\" e la richiesta nella generazione \"/tests\".","github.copilot.config.startDebugging.enabled":"Abilita la finalità \"/startDebugging\" nella chat del pannello. Genera o trova la configurazione di avvio che corrisponde alla query (se disponibile), alla struttura del progetto e molto altro.","github.copilot.config.summarizeAgentConversationHistory.enabled":"Indica se riepilogare automaticamente la cronologia delle conversazioni dell'agente una volta che la finestra contestuale è piena.","github.copilot.config.terminalChatLocation":"Controlla la posizione in cui devono essere aperte le query di chat dal terminale.","github.copilot.config.terminalChatLocation.chatView":"Apri la visualizzazione della chat.","github.copilot.config.terminalChatLocation.quickChat":"Apri chat veloce.","github.copilot.config.terminalChatLocation.terminal":"Aprire chat inline del terminale","github.copilot.config.testGeneration.instructions":"Set di istruzioni che verrà aggiunto alle richieste Copilot che generano test.\nLe istruzioni possono provenire da: \n- un file nell'area di lavoro: `{ \"file\": \"fileName\" }`\n- testo in linguaggio naturale: `{ \"text\": \"Use underscore for field names.\" }`\n\nNota: mantenere le istruzioni brevi e precise. Le istruzioni poco chiare possono ridurre la qualità e le prestazioni di Copilot.","github.copilot.config.useProjectTemplates":"Usa i progetti GitHub pertinenti come progetti iniziali quando si usa \"/new\"","github.copilot.devcontainer.generateDevContainerConfig":"Genera la configurazione del contenitore di sviluppo con Copilot","github.copilot.git.generateCommitMessage":"Genera messaggio di commit con Copilot","github.copilot.icon":"Icona di GitHub Copilot","github.copilot.nextEditSuggestions.enabled":"Indica se abilitare i suggerimenti di modifica successivi (NES).\n\nNES può proporre una modifica successiva in base alle modifiche recenti. [Altre informazioni](https://aka.ms/vscode-nes) sui suggerimenti di modifica successivi.","github.copilot.nextEditSuggestions.fixes":"Indica se offrire correzioni per la diagnostica tramite i suggerimenti di modifica successivi (NES).","github.copilot.resetAutomaticCommandExecutionPrompt":"Reimposta prompt di esecuzione automatica dei comandi","github.copilot.submenu.copilot.label":"Copilot","github.copilot.submenu.reviewComment.applyAndNext.label":"Applica e vai all'elemento successivo","github.copilot.submenu.reviewComment.discard.label":"Rimuovi","github.copilot.submenu.reviewComment.discardAndNext.label":"Rimuovi e vai all'elemento successivo","github.copilot.tools.createAndRunTask.description":"Crea ed esegui un'attività nell'area di lavoro","github.copilot.tools.createAndRunTask.name":"Crea ed esegui un'attività","github.copilot.tools.createAndRunTask.userDescription":"Crea ed esegui un'attività nell'area di lavoro","github.copilot.tools.createNewWorkspace.name":"Crea nuova area di lavoro","github.copilot.tools.createNewWorkspace.userDescription":"Eseguire lo scaffolding di una nuova area di lavoro in Visual Studio Code","github.copilot.tools.getProjectSetupInfo.name":"Ottieni informazioni configurazione progetto","github.copilot.tools.githubRepo.name":"Creare in repository GitHub","github.copilot.tools.githubRepo.userDescription":"Cerca frammenti di codice sorgente pertinenti in un repository GitHub. È possibile specificare un repository utilizzando 'owner/repo'","github.copilot.tools.openEmptyFolder.name":"Apri una cartella vuota come area di lavoro di VS Code","github.copilot.tools.searchResults.description":"Risultati nella visualizzazione di ricerca","github.copilot.tools.searchResults.name":"Risultati della visualizzazione della ricerca","github.copilot.tools.terminalLastCommand.description":"Comando dell'ultima esecuzione del terminale attivo","github.copilot.tools.terminalLastCommand.name":"Ultimo comando terminale","github.copilot.tools.terminalSelection.description":"Selezione del terminale attivo","github.copilot.tools.terminalSelection.name":"Selezione terminale","github.copilot.viewsWelcome.chatDisabled":"La chat di GitHub Copilot è attualmente disabilitata per l'account da un amministratore dell'organizzazione. Contatta un amministratore dell'organizzazione per abilitare la chat.\n\n[Altre informazioni](https://docs.github.com/en/copilot/managing-copilot/managing-github-copilot-in-your-organization/managing-github-copilot-features-in-your-organization/managing-policies-for-copilot-in-your-organization)","github.copilot.viewsWelcome.contactSupport":"Sembra che ci sia un problema con l'account. Contattare il supporto tecnico di GitHub.\n\n[Contattare il supporto](https://support.github.com/?editor=vscode)","github.copilot.viewsWelcome.debug":"GitHub Copilot Chat può aiutare ad avviare il debug, in base a un [comando terminale](command:github.copilot.chat.startCopilotDebugCommand) o con [chat interattiva](command:workbench.action.chat.open?%7B%22query%22%3A%22%40vscode%20%2FstartDebugging%20%22%2C%22isPartialQuery%22%3Atrue%7D).","github.copilot.viewsWelcome.enterprise":"Contattare l'amministratore dell'organizzazione GitHub per abilitare Copilot.","github.copilot.viewsWelcome.individual.expired":"L'abbonamento a Copilot è scaduto.\n\n[Rivedi le impostazioni di Copilot](https://github.com/settings/copilot?editor=vscode)","github.copilot.viewsWelcome.offline":"Sei attualmente offline. Connettiti a Internet per usare GitHub Copilot.\n\n[Ritenta la connessione](command:github.copilot.refreshToken)","github.copilot.viewsWelcome.signIn":"Accedi per utilizzare le funzionalità IA di Copilot.\n\n[Accedi per utilizzare Copilot](command:workbench.action.chat.triggerSetup)","github.copilot.viewsWelcome.switchToReleaseChannel":"La versione pre-release dell'estensione GitHub Copilot Chat attualmente non è supportata nella versione stabile di VS Code. Passa alla versione della release per GitHub Copilot Chat o prova VS Code Insiders.\n\n[Passa alla versione della release e ricarica](command:runCommands?%7B%22commands%22%3A%5B%7B%22command%22%3A%22workbench.extensions.action.switchToRelease%22%2C%22args%22%3A%5B%22GitHub.copilot-chat%22%5D%7D%2C%22workbench.action.reloadWindow%22%5D%7D)\n\n[Passa a VS Code Insiders](https://aka.ms/vscode-insiders)","github.copilot.walkthrough.description":"Il programmatore AI di supporto per scrivere codice in modo più rapido e intelligente","github.copilot.walkthrough.edits.description":"Usa **Modifiche di Copilot** per selezionare i file con cui lavorare e descrivi le modifiche da apportare. Copilot le applica direttamente ai file.\n[Modifica con Copilot](command:workbench.action.chat.open?%7B%22mode%22%3A%22edit%22%7D)","github.copilot.walkthrough.edits.media.altText":"Il video mostra l'utente che trascina e rilascia i file nella casella di input di Copilot Edits collocata nella barra laterale secondaria. Copilot aggiorna quindi il file in base alla richiesta dell'utente","github.copilot.walkthrough.edits.title":"Apporta modifiche usando il linguaggio naturale","github.copilot.walkthrough.firstSuggest.description":"Mentre digiti nell'editor, Copilot suggerisce il codice per completare le istruzioni iniziate.","github.copilot.walkthrough.firstSuggest.media.altText":"Il video mostra diversi completamenti di Copilot in cui Copilot suggerisce codice per aiutare l'utente a completare il suo codice","github.copilot.walkthrough.firstSuggest.title":"Completamenti del codice suggeriti dall'intelligenza artificiale","github.copilot.walkthrough.inlineChatMac.description":"A volte è più facile descrivere il codice da scrivere direttamente all'interno di un file.\nPosiziona il cursore o effettua una selezione e usa **''CMD+I''** per aprire **Chat inline**.","github.copilot.walkthrough.inlineChatMac.media.altText":"Il video mostra l'utente che richiama il widget della chat inline e chiede a Copilot di apportare una modifica al file usando il linguaggio naturale. Copilot effettua quindi la modifica richiesta","github.copilot.walkthrough.inlineChatMac.title":"Usa il linguaggio naturale nei tuoi file","github.copilot.walkthrough.inlineChatNotMac.description":"A volte è più facile descrivere il codice da scrivere direttamente all'interno di un file.\nPosiziona il cursore o effettua una selezione e usa **''CTRL+I''** per aprire **Chat inline**.","github.copilot.walkthrough.inlineChatNotMac.media.altText":"Visualizzazione chat inline nell'editor. Il video mostra l'utente che richiama il widget della chat inline e chiede a Copilot di apportare una modifica al file usando il linguaggio naturale. Copilot effettua quindi la modifica richiesta","github.copilot.walkthrough.inlineChatNotMac.title":"Usa il linguaggio naturale nei tuoi file","github.copilot.walkthrough.panelChat.description":"Poni a Copilot domande sulla programmazione oppure ottieni assistenza con il codice usando **@workspace**.\n Digita **@** per visualizzare tutte le persone disponibili che partecipano alla chat con cui puoi chattare direttamente, ognuna con le proprie competenze.\n[Chatta con Copilot](command:workbench.action.chat.open?%7B%22mode%22%3A%22ask%22%7D)","github.copilot.walkthrough.panelChat.media.altText":"L'utente richiama @workspace nel pannello Copilot Chat nella barra laterale secondaria per comprendere la codebase. Copilot recupera le informazioni pertinenti e fornisce una risposta con collegamenti ai file","github.copilot.walkthrough.panelChat.title":"Chatta sul codice","github.copilot.walkthrough.setup.noAction.description":"È possibile usare Copilot per generare codice in più file, correggere gli errori, porre domande sul codice e molto altro ancora usando il linguaggio naturale.\n Ora offriamo [Copilot gratuitamente](https://github.com/features/copilot/plans) con il tuo account GitHub.","github.copilot.walkthrough.setup.signIn.description":"Puoi utilizzare Copilot per generare codice in più file, correggere gli errori, porre domande sul codice e molto altro ancora usando il linguaggio naturale.\n Ora offriamo [Copilot gratuitamente](https://github.com/features/copilot/plans) con il tuo account GitHub.\n\n[Usa Copilot gratuitamente](command:workbench.action.chat.triggerSetup)","github.copilot.walkthrough.setup.signIn.title":"Accedi per usare Copilot gratuitamente","github.copilot.walkthrough.setup.signUp.description":"Puoi utilizzare Copilot per generare codice in più file, correggere gli errori, porre domande sul codice e molto altro ancora usando il linguaggio naturale.\n Ora offriamo [Copilot gratuitamente](https://github.com/features/copilot/plans) con il tuo account GitHub.\n\n[Usa Copilot gratuitamente](command:workbench.action.chat.triggerSetup)","github.copilot.walkthrough.setup.signUp.title":"Inizia a usare Copilot gratuitamente","github.copilot.walkthrough.signIn.description":"Per iniziare a usare Copilot, accedi con il tuo account GitHub.\nAssicurati di usare l'account GitHub corretto. Puoi anche accedere in un secondo momento usando il menu dell'account.\n\n[Accedi](command:github.copilot.signIn)","github.copilot.walkthrough.signIn.media.altText":"Accedere a GitHub tramite questa procedura dettagliata o il menu dell'account di VS Code","github.copilot.walkthrough.signIn.title":"Accedi con GitHub","github.copilot.walkthrough.sparkle.description":"Copilot migliora l'esperienza di scrittura del codice con azioni intelligenti basate sull'intelligenza artificiale nell'interfaccia di VS Code.\nCerca le icone $(sparkle), ad esempio nella [visualizzazione Controllo del codice sorgente](command:workbench.view.scm), in cui Copilot genera messaggi di commit e descrizioni delle richieste pull in base alle modifiche del codice.\n\n[Scopri suggerimenti e trucchi](https://code.visualstudio.com/docs/copilot/copilot-vscode-features)","github.copilot.walkthrough.sparkle.media.altText":"Il video mostra l'icona sparkle nella casella di input del controllo del codice sorgente su cui si fa clic, attivando GitHub Copilot per generare automaticamente un messaggio di commit","github.copilot.walkthrough.sparkle.title":"Cerca azioni intelligenti","github.copilot.walkthrough.title":"GitHub Copilot"}
