{"copilot.agent.description":"Edytowanie plików w obszarze roboczym w trybie agenta","copilot.codebase.tool.description":"Znajdowanie istotnych fragmentów plików, symboli i innych informacji w bazie kodu","copilot.description":"Zapytaj funkcję Copilot","copilot.edits.description":"Edytowanie plików w obszarze roboczym","copilot.listCodeUsages.tool.description":"Znajdź odwołania, definicje i inne użycia symbolu","copilot.terminal.description":"Zapytaj funkcję Copilot","copilot.terminal.explain.description":"Wyjaśnij coś w terminalu","copilot.terminal.explain.sampleRequest":"Wyjaśnij ostatnie polecenie","copilot.terminal.sampleRequest":"Jak mogę wyświetlić wszystkie pliki w katalogu zawierającym podkatalogi?","copilot.terminalPanel.description":"Zapytaj, jak coś zrobić w terminalu","copilot.testFailure.tool.description":"Zawiera informacje o ostatnim niepowodzeniu testu jednostkowego","copilot.toolSet.editing.description":"Edytowanie plików w obszarze roboczym","copilot.toolSet.new.description":"Utwórz szkielet nowego obszaru roboczego w programie VS Code","copilot.toolSet.runCommand.description":"Uruchom polecenia w terminalu","copilot.toolSet.runNotebook.description":"Uruchom komórki notesu","copilot.toolSet.runTasks.description":"Uruchom zadania w obszarze roboczym","copilot.toolSet.search.description":"Wyszukuj i odczytuj pliki w swoim obszarze roboczym","copilot.tools.applyPatch.description":"Edytuj pliki tekstowe w obszarze roboczym","copilot.tools.applyPatch.name":"Zastosuj poprawkę","copilot.tools.changes.description":"Pobierz różnice zmienionych plików","copilot.tools.createDirectory.name":"Utwórz katalog","copilot.tools.createFile.name":"Utwórz plik","copilot.tools.editNotebook.name":"Edytuj notes","copilot.tools.errors.description":"Sprawdź błędy w przypadku określonego pliku","copilot.tools.fetchWebPage.description":"Pobieranie głównej zawartości ze strony sieci web. Należy uwzględnić adres URL strony, którą chcesz pobrać.","copilot.tools.fetchWebPage.name":"Pobierz stronę sieci Web","copilot.tools.findFiles.name":"Znajdź pliki","copilot.tools.findTestFiles.description":"W przypadku pliku kodu źródłowego znajdź plik zawierający testy. W przypadku pliku testowego znajdź plik zawierający testowany kod","copilot.tools.findTestFiles.name":"Znajdź pliki testowe","copilot.tools.findTextInFiles.name":"Znajdź tekst w plikach","copilot.tools.getChangedFiles.name":"Zmiany Git","copilot.tools.getDocInfo.description":"W przypadku symbolu, takiego jak klasa lub funkcja, znajdź informacje o tym, jak go udokumentować","copilot.tools.getDocInfo.name":"Informacje o dokumencie","copilot.tools.getErrors.name":"Pobierz problemy","copilot.tools.getNotebookCellOutput.description":"Odczytaj dane wyjściowe poprzednio wykonanej komórki","copilot.tools.getNotebookCellOutput.name":"Pobierz dane wyjściowe komórki notesu","copilot.tools.getTerminalOutput.name":"Pobierz dane wyjściowe terminalu","copilot.tools.getVSCodeAPI.name":"Pobierz materiały referencyjne dotyczące interfejsu API programu VS Code","copilot.tools.insertEdit.name":"Edytuj plik","copilot.tools.listCodeUsages.name":"Znajdź użycia","copilot.tools.listDirectory.name":"Katalog listy","copilot.tools.newJupyterNotebook.description":"Tworzenie nowego notesu Jupyter Notebook","copilot.tools.openSimpleBrowser.description":"Wyświetl podgląd lokalnie hostowanej witryny internetowej w prostej przeglądarce","copilot.tools.openSimpleBrowser.name":"Otwórz prostą przeglądarkę","copilot.tools.readFile.name":"Odczytaj plik","copilot.tools.readProjectStructure.name":"Struktura projektu","copilot.tools.replaceString.name":"Zamień ciąg w pliku","copilot.tools.runInTerminal.name":"Uruchom w terminalu","copilot.tools.runNotebookCell.description":"Wyzwól wykonywanie komórki w pliku notesu","copilot.tools.runNotebookCell.name":"Uruchom komórkę notesu","copilot.tools.runTests.name":"Uruchom testy","copilot.tools.searchCodebase.name":"Baza kodu","copilot.tools.searchWorkspaceSymbols.name":"Symbole obszaru roboczego","copilot.tools.testFailure.name":"Błąd testu","copilot.tools.think.name":"Zastanów się","copilot.tools.updateUserPreferences.name":"Aktualizuj preferencje użytkownika","copilot.vscode.api.description":"Zapytaj o opracowywanie rozszerzeń programu VS Code","copilot.vscode.api.sampleRequest":"Jak mogę dodać tekst do paska stanu?","copilot.vscode.description":"Zadawaj pytania dotyczące programu VS Code","copilot.vscode.sampleRequest":"Jakie jest polecenie otwierania zintegrowanego terminalu?","copilot.vscode.search.description":"Generowanie parametrów zapytania na potrzeby wyszukiwania w obszarze roboczym","copilot.vscode.search.sampleRequest":"Wyszukaj ciąg „foo” we wszystkich plikach w moim katalogu „src”","copilot.vscode.setupTests.description":"Konfigurowanie testów w projekcie (eksperymentalne)","copilot.vscode.setupTests.sampleRequest":"dodaj testy Playwright do mojego projektu","copilot.vscode.startDebugging.description":"Generuj konfigurację uruchamiania i rozpocznij debugowanie w edytorze VS Code (eksperymentalne)","copilot.vscode.startDebugging.sampleRequest":"Dołącz do aplikacji węzła na porcie 9229","copilot.vscode.tool.description":"Skorzystaj z odwołań interfejsu API programu VS Code, aby odpowiedzieć na pytania dotyczące opracowywania rozszerzeń programu VS Code.","copilot.workspace.description":"Zapytaj o swój obszar roboczy","copilot.workspace.doc.description":"Dodaj komentarz do dokumentacji dla tego symbolu","copilot.workspace.edit.description":"Edytowanie plików w obszarze roboczym","copilot.workspace.edit.inline.description":"Edytuj wybrany kod w aktywnym edytorze","copilot.workspace.explain.description":"Wyjaśnij, jak działa kod w aktywnym edytorze","copilot.workspace.fix.description":"Zaproponuj rozwiązanie problemów w wybranym kodzie","copilot.workspace.fix.sampleRequest":"Wystąpił problem w tym kodzie. Napisz ponownie kod, aby wyświetlić go z naprawioną usterką.","copilot.workspace.generate.description":"Wygeneruj nowy kod","copilot.workspace.new.description":"Kod szkieletu dla nowego pliku lub projektu w obszarze roboczym","copilot.workspace.new.sampleRequest":"Tworzenie serwera interfejsu API RESTful przy użyciu języka TypeScript","copilot.workspace.newNotebook.description":"Tworzenie nowego notesu Jupyter Notebook","copilot.workspace.newNotebook.sampleRequest":"Jak mogę utworzyć notes w celu załadowania danych z pliku CSV?","copilot.workspace.review.description":"Przejrzyj wybrany kod w aktywnym edytorze","copilot.workspace.sampleRequest":"Jak mogę skompilować ten projekt?","copilot.workspace.semanticSearch.description":"Znajdź odpowiedni kod dla zapytania","copilot.workspace.semanticSearch.sampleRequest":"Gdzie znajduje się kod paska narzędzi?","copilot.workspace.tests.description":"Utwórz testy jednostkowe dla wybranego kodu","copilot.workspaceSymbols.tool.description":"Wyszukaj symbole obszaru roboczego przy użyciu usług językowych.","github.copilot.badge.signUp":"Zarejestruj się w usłudze GitHub Copilot","github.copilot.badge.star":"Rozpocznij funkcję Copilot w serwisie GitHub","github.copilot.badge.twitter":"Obserwuj usługę GitHub w serwisie Twitter","github.copilot.badge.youtube":"Wypróbuj usługę GitHub w serwisie Youtube","github.copilot.chat.completionContext.typescript.mode":"Tryb wykonywania dostawcy zawartości funkcji Copilot TypeScript.","github.copilot.chat.copilotDebugCommand.enabled":"Określa, czy polecenie „Copilot-debug” jest włączone w terminalu.","github.copilot.chat.editor.temporalContext.enabled":"Podczas wykonywania wbudowanej prośby o rozmowę, czy dołączać ostatnio wyświetlane i edytowane pliki do próśb Copilot.","github.copilot.chat.edits.suggestRelatedFilesForTests":"Określa, czy sugerować pliki źródłowe z plików testowych dla zestawu roboczego Copilot Edits.","github.copilot.chat.edits.temporalContext.enabled":"Podczas wprowadzania żądań edycji, czy dołączać ostatnio wyświetlane i edytowane pliki do żądań Copilot.","github.copilot.chat.languageContext.fix.typescript.enabled":"Włącza dostawcę kontekstu języka TypeScript dla poleceń /fix","github.copilot.chat.languageContext.inline.typescript.enabled":"Włącza dostawcę kontekstu języka TypeScript dla czatów wbudowanych (generowanie i edytowanie)","github.copilot.chat.languageContext.typescript.cacheTimeout":"Limit czasu wypełniania pamięci podręcznej dla dostawcy kontekstu języka TypeScript w milisekundach. Wartość domyślna to 500 milisekund.","github.copilot.chat.languageContext.typescript.enabled":"Włącza dostawcę kontekstu języka TypeScript dla uzupełnień wbudowanych","github.copilot.command.applyReviewSuggestion":"Zastosuj","github.copilot.command.applyReviewSuggestionAndNext":"Zastosuj i przejdź do następnego","github.copilot.command.applySuggestionWithCopilot":"Zastosuj sugestię za pomocą funkcji Copilot","github.copilot.command.attachTerminalSelection":"Dodaj wybór terminalu do czatu","github.copilot.command.buildLocalWorkspaceIndex":"Tworzenie lokalnego indeksu obszaru roboczego","github.copilot.command.buildRemoteWorkspaceIndex":"Indeks kompilowania zdalnego obszaru roboczego","github.copilot.command.collectDiagnostics":"Diagnostyka czatu funkcji GitHub Copilot","github.copilot.command.collectWorkspaceIndexDiagnostics":"Zbieranie danych diagnostycznych indeksu obszaru roboczego","github.copilot.command.continueReviewInChat":"Wyświetl w panelu czatu","github.copilot.command.continueReviewInInlineChat":"Odrzuć i skopiuj do czatu wbudowanego","github.copilot.command.discardAllReviewSuggestion":"Odrzuć wszystko","github.copilot.command.discardReviewSuggestion":"Odrzuć","github.copilot.command.discardReviewSuggestionAndNext":"Odrzuć i przejdź do następnego","github.copilot.command.explainTerminalLastCommand":"Wyjaśnij ostatnie polecenie terminalu","github.copilot.command.explainTerminalSelection":"Wyjaśnij wybór terminalu","github.copilot.command.explainTerminalSelectionContextMenu":"Wyjaśnij","github.copilot.command.explainThis":"Wyjaśnij","github.copilot.command.fixTestFailure":"Napraw błąd testu","github.copilot.command.fixThis":"Napraw","github.copilot.command.generateConfiguration":"Generuj konfigurację debugowania za pomocą usługi GitHub Copilot","github.copilot.command.generateDocs":"Generuj dokumenty","github.copilot.command.generateSTest":"Generuj test STest na podstawie ostatniego żądania czatu","github.copilot.command.generateTests":"Generuj testy","github.copilot.command.generateThis":"Wygeneruj to","github.copilot.command.gotoNextReviewSuggestion":"Następna sugestia","github.copilot.command.gotoPreviousReviewSuggestion":"Poprzednia sugestia","github.copilot.command.helpfulReviewSuggestion":"Przydatne","github.copilot.command.logWorkbenchState":"Stan aplikacji Log Workbench","github.copilot.command.openUserPreferences":"Otwórz preferencje użytkownika","github.copilot.command.openWalkthrough":"Otwórz przewodnik","github.copilot.command.rerunWithCopilotDebug":"Debugowanie ostatniego polecenia terminalu","github.copilot.command.reviewAndComment":"Przejrzyj i zatwierdź","github.copilot.command.reviewChanges":"Przegląd kodu funkcji Copilot — niezatwierdzone zmiany","github.copilot.command.reviewChanges.cancel":"Przegląd kodu funkcji Copilot — anulowanie","github.copilot.command.reviewStagedChanges":"Przegląd kodu oprogramowania Copilot — zmiany etapowe","github.copilot.command.reviewUnstagedChanges":"Przegląd kodu funkcji Copilot — nieprzygotowane zmiany","github.copilot.command.sendChatFeedback":"Wyślij opinię na czacie","github.copilot.command.showNotebookLog":"Pokaż notes dziennika czatu","github.copilot.command.unhelpfulReviewSuggestion":"Nieprzydatne","github.copilot.config.agent.currentEditorContext.enabled":"Po włączeniu funkcja Copilot będzie zawierać nazwę bieżącego aktywnego edytora w kontekście trybu agenta.","github.copilot.config.agent.runTasks":"Określa, czy funkcja Copilot Edits może uruchamiać zadania obszaru roboczego w trybie agenta.","github.copilot.config.agent.thinkingTool":"Włącza narzędzie myślące, które umożliwia funkcji Copilot dokładne przemyślenie żądania przed wygenerowaniem odpowiedzi w trybie agenta.","github.copilot.config.autoFix":"Automatycznie naprawiaj diagnostykę edytowanych plików.","github.copilot.config.byok.ollamaEndpoint":"Punkt końcowy, który ma być używany dla Ollama podczas uzyskiwania dostępu za pośrednictwem funkcji Bring Your Own Key. Wartość domyślna to localhost.","github.copilot.config.codeGeneration.instruction.file":"Ścieżka do pliku, która zostanie dodana do żądań funkcji Copilot generujących kod. Opcjonalnie możesz określić język dla instrukcji.","github.copilot.config.codeGeneration.instruction.text":"Instrukcja tekstowa, która zostanie dodana do żądań funkcji Copilot generujących kod. Opcjonalnie możesz określić język dla instrukcji.","github.copilot.config.codeGeneration.instructions":"Zestaw instrukcji, który zostanie dodany do żądań funkcji Copilot generujących kod.\nInstrukcje mogą pochodzić z: \n— pliku w obszarze roboczym: „{ \"file\": \"fileName\" }”\n— tekst w języku naturalnym: „{ \"text\": \"Use underscore for field names.\" }”\n\nUwaga: zachowaj krótkie i precyzyjne instrukcje. Złe instrukcje mogą obniżyć jakość i wydajność funkcji Copilot.","github.copilot.config.codeGeneration.useInstructionFiles":"Określa, czy instrukcje kodu z `.github/copilot-instructions.md` są dodawane do żądań funkcji Copilot.\n\nUwaga: postaraj się, aby instrukcje były krótkie i precyzyjne. Niedokładne instrukcje mogą obniżyć jakość i wyniki funkcji Copilot. [Dowiedz się więcej](https://aka.ms/github-copilot-custom-instructions) na temat dostosowywania funkcji Copilot.","github.copilot.config.codesearch.enabled":"Określa, czy włączyć wyszukiwanie kodu przez agenta podczas korzystania z elementu `#codebase`.","github.copilot.config.commitMessageGeneration.instruction.file":"Ścieżka do pliku z instrukcjami, które zostaną dodane do żądań funkcji Copilot generujących komunikaty zatwierdzenia.","github.copilot.config.commitMessageGeneration.instruction.text":"Zestaw instrukcji, który zostanie dodany do żądań funkcji Copilot generujących komunikaty zatwierdzenia.","github.copilot.config.commitMessageGeneration.instructions":"Zestaw instrukcji, który zostanie dodany do żądań funkcji Copilot generujących komunikaty zatwierdzenia.\nInstrukcje mogą pochodzić z: \n— pliku w obszarze roboczym: `{ \"file\": \"fileName\" }`\n— tekst w języku naturalnym: `{ \"text\": \"Use conventional commit message format.\" }`\n\nUwaga: staraj się, aby instrukcje były krótkie i precyzyjne. Niedokładne instrukcje mogą obniżyć jakość i wyniki funkcji Copilot.","github.copilot.config.debugTerminalCommandPatterns":"Lista poleceń, dla których akcja szybkiej poprawki „Polecenie debugowania” powinna być wyświetlana w terminalu debugowania.","github.copilot.config.debugTerminalCommands":"Określa, czy wskazówki dotyczące szybkiej poprawki mają pojawiać się w terminalu debugowania i poleceniu `copilot-debug`.","github.copilot.config.edits.codesearch.enabled":"To ustawienie jest przestarzałe na rzecz elementu `#github.copilot.chat.codesearch.enabled#`.","github.copilot.config.edits.enabled":"Określa, czy włączyć funkcję Edycje funkcji Copilot.","github.copilot.config.edits.suggestRelatedFilesFromGitHistory":"Określa, czy sugerować powiązane pliki z historii git dla zestawu roboczego Copilot Edits.","github.copilot.config.editsNewNotebook.enabled":"Określa, czy włączyć nowe narzędzie notesu w funkcji Copilot Edits.","github.copilot.config.enableCodeActions":"Określa, czy polecenia funkcji Copilot są wyświetlane jako akcje kodu, jeśli są dostępne","github.copilot.config.enableUserPreferences":"Włącz zapamiętywanie preferencji użytkownika w trybie agenta.","github.copilot.config.experimental.testGeneration.instruction.file":"Ścieżka do pliku, który zostanie dodany do żądań usługi Copilot generujących testy. Opcjonalnie możesz określić język dla instrukcji.","github.copilot.config.experimental.testGeneration.instruction.text":"Instrukcja tekstowa, która zostanie dodana do żądań funkcji Copilot generujących testy. Opcjonalnie możesz określić język dla instrukcji.","github.copilot.config.generateTests.codeLens":"Pokaż obiektyw kodu „Generuj testy” dla symboli nieobjętych bieżącymi informacjami o pokryciu przez testy.","github.copilot.config.localeOverride":"Określ ustawienia regionalne, w których funkcja Copilot powinna odpowiadać, np. „en” lub „fr”. Domyślnie funkcja Copilot będzie odpowiadać przy użyciu skonfigurowanych ustawień regionalnych języka wyświetlania edytora VS Code.","github.copilot.config.newWorkspaceCreation.enabled":"Określa, czy włączyć tworzenie nowego obszaru roboczego agenta.","github.copilot.config.notebook.followCellExecution":"Określa, czy aktualnie wykonywana komórka jest wyświetlana w okienku ekranu po wykonaniu z funkcji Copilot.","github.copilot.config.pullRequestDescriptionGeneration.instruction.file":"Ścieżka do pliku z instrukcjami, które zostaną dodane do żądań funkcji Copilot generujących tytuły i opisy żądań ściągnięcia.","github.copilot.config.pullRequestDescriptionGeneration.instruction.text":"Instrukcje tekstowe, które zostaną dodane do żądań Copilot, które generują tytuły i opisy żądań ściągnięcia.","github.copilot.config.pullRequestDescriptionGeneration.instructions":"Zestaw instrukcji, które zostaną dodane do żądań funkcji Copilot generujących tytuły i opisy żądań ściągnięcia.\nInstrukcje mogą pochodzić z: \n— pliku w obszarze roboczym: „{ \"file\": \"fileName\" }”\n— tekstu w języku naturalnym: „{ \"text\": \"Zawsze dołączaj listę zmian kluczy\". }”\n\nUwaga: postaraj się, aby instrukcje były krótkie i precyzyjne. Niedokładne instrukcje mogą obniżyć jakość i wyniki funkcji Copilot.","github.copilot.config.renameSuggestions.triggerAutomatically":"Określa, czy funkcja Copilot ma generować sugestie dotyczące zmiany nazwy","github.copilot.config.reviewSelection.enabled":"Włącza przegląd kodu dla bieżącego wyboru.","github.copilot.config.reviewSelection.instruction.file":"Ścieżka do pliku, który zostanie dodany do żądań funkcji Copilot zapewniających przegląd kodu dla bieżącego wyboru. Opcjonalnie możesz określić język dla instrukcji.","github.copilot.config.reviewSelection.instruction.text":"Instrukcja tekstowa, która zostanie dodana do żądań funkcji Copilot, które zapewniają przegląd kodu dla bieżącego wyboru. Opcjonalnie możesz określić język dla instrukcji.","github.copilot.config.reviewSelection.instructions":"Zestaw instrukcji, które zostaną dodane do żądań funkcji Copilot zapewniających przegląd kodu dla bieżącego wyboru.\nInstrukcje mogą pochodzić z: \n— pliku w obszarze roboczym: „{ \"file\": \"fileName\" }”\n— tekst w języku naturalnym: „{ \"text\": \"Use underscore for field names.\" }”\n\nUwaga: staraj się, aby instrukcje były krótkie i precyzyjne. Wadliwe instrukcje mogą obniżyć skuteczność działania funkcji Copilot.","github.copilot.config.scopeSelection":"Określa, czy monitować użytkownika o wybranie określonego zakresu symboli, jeśli użytkownik używa polecenia „/explain”, a aktywny edytor nie ma możliwości wyboru.","github.copilot.config.setupTests.enabled":"Udostępnia intencję „/setupTests” i obsługę monitów w generowaniu „/tests”.","github.copilot.config.startDebugging.enabled":"Udostępnia intencję „/startDebugging” na czacie panelowym. Generuje lub wyszukuje konfigurację uruchamiania pasującą do zapytania (jeśli istnieje), struktury projektu i nie tylko.","github.copilot.config.summarizeAgentConversationHistory.enabled":"Określa, czy automatycznie podsumowywać historię konwersacji agenta po wypełnieniu okna kontekstu.","github.copilot.config.terminalChatLocation":"Określa, gdzie powinny być otwierane zapytania chatu z terminalu.","github.copilot.config.terminalChatLocation.chatView":"Otwórz widok czatu.","github.copilot.config.terminalChatLocation.quickChat":"Otwórz szybki czat.","github.copilot.config.terminalChatLocation.terminal":"Otwórz czat wbudowany terminalu","github.copilot.config.testGeneration.instructions":"Zestaw instrukcji, który zostanie dodany do żądań funkcji Copilot generujących testy.\nInstrukcje mogą pochodzić z: \n— pliku w obszarze roboczym: „{ \"file\": \"fileName\" }”\n— tekst w języku naturalnym: „{ \"text\": \"Use underscore for field names.\" }”\n\nUwaga: zachowaj krótkie i precyzyjne instrukcje. Złe instrukcje mogą obniżyć jakość i wydajność funkcji Copilot.","github.copilot.config.useProjectTemplates":"Użyj odpowiednich projektów z serwisu GitHub jako projektów startowych podczas korzystania z opcji `/new`.","github.copilot.devcontainer.generateDevContainerConfig":"Wygeneruj konfigurację kontenera deweloperskiego za pomocą aplikacji Copilot","github.copilot.git.generateCommitMessage":"Generowanie komunikatu zatwierdzenia za pomocą funkcji Copilot","github.copilot.icon":"Ikona narzędzia GitHub Copilot","github.copilot.nextEditSuggestions.enabled":"Określa, czy włączyć funkcję Sugestie dotyczące następnej edycji (NES).\n\nFunkcja NES może zaproponować następną edycję na podstawie ostatnich zmian. [Dowiedz się więcej](https://aka.ms/vscode-nes) o sugestiach dotyczących następnej edycji.","github.copilot.nextEditSuggestions.fixes":"Określa, czy zaproponować poprawki na potrzeby diagnostyki za pośrednictwem sugestii następnej zmiany (NES).","github.copilot.resetAutomaticCommandExecutionPrompt":"Resetuj wiersz automatycznego wykonywania polecenia","github.copilot.submenu.copilot.label":"Copilot","github.copilot.submenu.reviewComment.applyAndNext.label":"Zastosuj i przejdź do następnego","github.copilot.submenu.reviewComment.discard.label":"Odrzuć","github.copilot.submenu.reviewComment.discardAndNext.label":"Odrzuć i przejdź do następnego","github.copilot.tools.createAndRunTask.description":"Utwórz i uruchom zadanie w obszarze roboczym","github.copilot.tools.createAndRunTask.name":"Utwórz i uruchom zadanie","github.copilot.tools.createAndRunTask.userDescription":"Utwórz i uruchom zadanie w obszarze roboczym","github.copilot.tools.createNewWorkspace.name":"Utwórz nowy obszar roboczy","github.copilot.tools.createNewWorkspace.userDescription":"Utwórz szkielet nowego obszaru roboczego w programie VS Code","github.copilot.tools.getProjectSetupInfo.name":"Pobierz informacje o konfiguracji projektu","github.copilot.tools.githubRepo.name":"Wyszukaj repozytorium GitHub","github.copilot.tools.githubRepo.userDescription":"Wyszukuje repozytorium GitHub pod kątem odpowiednich fragmentów kodu źródłowego. Możesz określić repozytorium przy użyciu polecenia „owner/repo”","github.copilot.tools.openEmptyFolder.name":"Otwórz pusty folder jako obszar roboczy programu VS Code","github.copilot.tools.searchResults.description":"Wyniki z widoku wyszukiwania","github.copilot.tools.searchResults.name":"Wyniki widoku wyszukiwania","github.copilot.tools.terminalLastCommand.description":"Ostatnio uruchomione polecenie aktywnego terminalu","github.copilot.tools.terminalLastCommand.name":"Ostatnie polecenie terminalu","github.copilot.tools.terminalSelection.description":"Wybór aktywnego terminalu","github.copilot.tools.terminalSelection.name":"Wybór terminalu","github.copilot.viewsWelcome.chatDisabled":"Czat GitHub Copilot jest obecnie wyłączony dla Twojego konta przez administratora organizacji. Skontaktuj się z administratorem organizacji, aby włączyć czat.\n\n[Dowiedz się więcej](https://docs.github.com/en/copilot/managing-copilot/managing-github-copilot-in-your-organization/managing-github-copilot-features-in-your-organization/managing-policies-for-copilot-in-your-organization)","github.copilot.viewsWelcome.contactSupport":"Wygląda na to, że wystąpił problem z Twoim kontem. Skontaktuj się z pomocą techniczną usługi GitHub.\n\n[Skontaktuj się z pomocą techniczną](https://support.github.com/?editor=vscode)","github.copilot.viewsWelcome.debug":"Funkcja GitHub Copilot Chat może pomóc w rozpoczęciu debugowania na podstawie polecenia [polecenie terminalowe](command:github.copilot.chat.startCopilotDebugCommand) lub [czat interaktywny](command:workbench.action.chat.open?%7B%22query%22%3A%22%40vscode%20%2FstartDebugging%20%22%2C%22isPartialQuery%22%3Atrue%7D).","github.copilot.viewsWelcome.enterprise":"Skontaktuj się z administratorem organizacji usługi GitHub, aby włączyć funkcję Copilot.","github.copilot.viewsWelcome.individual.expired":"Twoja subskrypcja funkcji Copilot wygasła.\n\n[Przejrzyj ustawienia funkcji Copilot](https://github.com/settings/copilot?editor=vscode).","github.copilot.viewsWelcome.offline":"Obecnie jesteś w trybie offline. Połącz się z Internetem, aby korzystać z narzędzia GitHub Copilot.\n\n[Ponów próbę nawiązania połączenia](command:github.copilot.refreshToken)","github.copilot.viewsWelcome.signIn":"Zaloguj się, aby korzystać z możliwości sztucznej inteligencji funkcji Copilot.\n\n[Zaloguj się, aby korzystać z funkcji Copilot](command:workbench.action.chat.triggerSetup)","github.copilot.viewsWelcome.switchToReleaseChannel":"Wersja wstępna rozszerzenia GitHub Copilot Chat nie jest obecnie obsługiwana w stabilnej wersji programu VS Code. Przełącz się do wersji dla funkcji GitHub Copilot Chat lub wypróbuj niejawnych testerów programu VS Code.\n\n[Przełącz do wersji wydania i załaduj ponownie](command:runCommands?%7B%22commands%22%3A%5B%7B%22command%22%3A%22workbench.extensions.action.switchToRelease%22%2C%22args%22%3A%5B%22GitHub.copilot-chat%22%5D%7D%2C%22workbench.action.reloadWindow%22%5D%7D)\n\n[Przełącz się na niejawnych testerów programu VS Code](https://aka.ms/vscode-insiders)","github.copilot.walkthrough.description":"Twój programista par AI, aby szybciej i inteligentniej pisać kod","github.copilot.walkthrough.edits.description":"Skorzystaj z funkcji **Copilot Edits**, aby wybrać pliki, nad którymi chcesz pracować, i opisać zmiany, które chcesz wprowadzić. Funkcja Copilot stosuje je bezpośrednio do plików.\n[Edytuj za pomocą funkcji Copilot](command:workbench.action.chat.open?%7B%22mode%22%3A%22edit%22%7D)","github.copilot.walkthrough.edits.media.altText":"W klipie wideo przedstawiono, jak użytkownik przeciąga i upuszcza pliki w polu wprowadzania danych funkcji Copilot Edits znajdującym się na pomocniczym pasku bocznym. Funkcja Copilot aktualizuje plik zgodnie z żądaniem użytkownika","github.copilot.walkthrough.edits.title":"Wprowadzaj zmiany przy użyciu języka naturalnego","github.copilot.walkthrough.firstSuggest.description":"Gdy wpisujesz tekst w edytorze, funkcja Copilot sugeruje kod ułatwiający ukończenie rozpoczętego procesu.","github.copilot.walkthrough.firstSuggest.media.altText":"W klipie wideo przedstawiono różne uzupełnienia funkcji Copilot, w zakresie których funkcja Copilot sugeruje kod, aby ułatwić użytkownikowi ukończenie kodu","github.copilot.walkthrough.firstSuggest.title":"Uzupełnianie kodu sugerowane przez sztuczną inteligencję","github.copilot.walkthrough.inlineChatMac.description":"Czasami łatwiej jest opisać kod, który chcesz napisać bezpośrednio w pliku.\nUmieść kursor lub dokonaj zaznaczenia i użyj kombinacji klawiszy **„Cmd+I”**, aby otworzyć **Czat wbudowany**.","github.copilot.walkthrough.inlineChatMac.media.altText":"W klipie wideo przedstawiono, jak użytkownik wywołuje śródwierszowy widżet czatu i prosi funkcję Copilot o wprowadzenie zmiany w pliku przy użyciu języka naturalnego. Funkcja Copilot następnie wprowadza żądaną zmianę","github.copilot.walkthrough.inlineChatMac.title":"Używanie języka naturalnego w plikach","github.copilot.walkthrough.inlineChatNotMac.description":"Czasami łatwiej jest opisać kod, który chcesz napisać bezpośrednio w pliku.\nUmieść kursor lub dokonaj zaznaczenia i użyj kombinacji klawiszy**„Ctrl+I”**, aby otworzyć **Czat wbudowany**.","github.copilot.walkthrough.inlineChatNotMac.media.altText":"Śródwierszowy widok czatu w edytorze. W klipie wideo przedstawiono, jak użytkownik wywołuje śródwierszowy widżet czatu i prosi funkcję Copilot o wprowadzenie zmiany w pliku przy użyciu języka naturalnego. Funkcja Copilot następnie wprowadza żądaną zmianę","github.copilot.walkthrough.inlineChatNotMac.title":"Używanie języka naturalnego w plikach","github.copilot.walkthrough.panelChat.description":"Zadawaj pytania programistyczne funkcji Copilot lub uzyskaj pomoc dotyczącą kodu przy użyciu **@workspace**.\n Wpisz **@**, aby zobaczyć wszystkich dostępnych uczestników czatu, z którymi możesz rozmawiać bezpośrednio, a każdy z nich ma własne doświadczenie.\n[Czat z funkcją Copilot](command:workbench.action.chat.open?%7B%22mode%22%3A%22ask%22%7D)","github.copilot.walkthrough.panelChat.media.altText":"Użytkownik wywołuje @workspace w panelu czatu funkcji Copilot na pomocniczym pasku bocznym, aby zrozumieć podstawę kodu. Funkcja Copilot pobiera odpowiednie informacje i udostępnia odpowiedź z linkami do plików","github.copilot.walkthrough.panelChat.title":"Czat o kodzie","github.copilot.walkthrough.setup.noAction.description":"Za pomocą funkcji Copilot można generować kod w wielu plikach, naprawiać błędy, zadawać pytania dotyczące kodu i wiele więcej przy użyciu języka naturalnego.\n Teraz oferujemy [funkcję Copilot bezpłatnie](https://github.com/features/copilot/plans) w ramach Twojego konta usługi GitHub.","github.copilot.walkthrough.setup.signIn.description":"Za pomocą funkcji Copilot możesz generować kod w wielu plikach, naprawiać błędy, zadawać pytania dotyczące kodu i wiele więcej przy użyciu języka naturalnego.\n Teraz oferujemy [funkcję Copilot bezpłatnie](https://github.com/features/copilot/plans) z Twoim kontem usługi GitHub.\n\n[Użyj funkcji Copilot bezpłatnie](command:workbench.action.chat.triggerSetup)","github.copilot.walkthrough.setup.signIn.title":"Zaloguj się, aby bezpłatnie korzystać z funkcji Copilot","github.copilot.walkthrough.setup.signUp.description":"Za pomocą funkcji Copilot możesz generować kod w wielu plikach, naprawiać błędy, zadawać pytania dotyczące kodu i wiele więcej przy użyciu języka naturalnego.\n Teraz oferujemy [funkcję Copilot bezpłatnie](https://github.com/features/copilot/plans) z Twoim kontem usługi GitHub.\n\n[Użyj funkcji Copilot bezpłatnie](command:workbench.action.chat.triggerSetup)","github.copilot.walkthrough.setup.signUp.title":"Rozpocznij bezpłatnie pracę z Copilot","github.copilot.walkthrough.signIn.description":"Aby rozpocząć korzystanie z funkcji Copilot, zaloguj się za pomocą konta usługi GitHub.\nUpewnij się, że używasz poprawnego konta usługi GitHub. Możesz też zalogować się później za pomocą menu konta.\n\n[Zaloguj się](command:github.copilot.signIn)","github.copilot.walkthrough.signIn.media.altText":"Zaloguj się do usługi GitHub za pomocą tego przewodnika lub menu konta edytora VS Code","github.copilot.walkthrough.signIn.title":"Logowanie za pomocą usługi GitHub","github.copilot.walkthrough.sparkle.description":"Funkcja Copilot ulepsza środowisko kodowania dzięki inteligentnym akcjom opartym na sztucznej inteligencji w interfejsie programu VS Code.\nPoszukaj ikon $(sparkle), na przykład w [widoku kontroli źródła](command:workbench.view.scm), gdzie funkcja Copilot generuje komunikaty zatwierdzenia i opisy żądań ściągnięcia na podstawie zmian kodu.\n\n[Odkryj porady i wskazówki](https://code.visualstudio.com/docs/copilot/copilot-vscode-features)","github.copilot.walkthrough.sparkle.media.altText":"Klip wideo przedstawia ikonę iskierki w klikanym polu wprowadzania danych mechanizmu kontroli źródła, co wyzwala funkcję GitHub Copilot w celu automatycznego wygenerowania komunikatu zatwierdzenia","github.copilot.walkthrough.sparkle.title":"Wyszukaj inteligentne akcje","github.copilot.walkthrough.title":"GitHub Copilot"}
