{"copilot.agent.description":"在代理程式模式中編輯您的工作區中的檔案","copilot.codebase.tool.description":"尋找程式碼基底中的相關檔案區塊、符號及其他資訊","copilot.description":"詢問 Copilot","copilot.edits.description":"編輯工作區中的檔案","copilot.listCodeUsages.tool.description":"尋找符號的參考資料、定義及其他使用方式","copilot.terminal.description":"要求 Copilot","copilot.terminal.explain.description":"說明終端的內容","copilot.terminal.explain.sampleRequest":"說明上一個命令","copilot.terminal.sampleRequest":"如何檢視目錄內的所有檔案，包括子目錄?","copilot.terminalPanel.description":"詢問如何在終端機中執行某些動作","copilot.testFailure.tool.description":"包含上次單元測試失敗的資訊","copilot.toolSet.editing.description":"編輯工作區中的檔案","copilot.toolSet.new.description":"在 VS Code 中架起新的工作區","copilot.toolSet.runCommand.description":"在終端機中執行命令","copilot.toolSet.runNotebook.description":"執行筆記本儲存格","copilot.toolSet.runTasks.description":"在您的工作區中執行工作","copilot.toolSet.search.description":"搜尋和讀取您工作區中的檔案","copilot.tools.applyPatch.description":"編輯工作區中的文字檔","copilot.tools.applyPatch.name":"套用修補檔","copilot.tools.changes.description":"取得已變更檔案的差異","copilot.tools.createDirectory.name":"建立目錄","copilot.tools.createFile.name":"建立檔案","copilot.tools.editNotebook.name":"編輯筆記本","copilot.tools.errors.description":"檢查特定檔案的錯誤","copilot.tools.fetchWebPage.description":"從網頁擷取主要內容。您應該包含要擷取的頁面 URL。","copilot.tools.fetchWebPage.name":"擷取網頁","copilot.tools.findFiles.name":"尋找檔案","copilot.tools.findTestFiles.description":"針對原始程式碼檔案，尋找包含測試的檔案。針對測試檔案，尋找包含所測試程式碼的檔案","copilot.tools.findTestFiles.name":"尋找測試檔案","copilot.tools.findTextInFiles.name":"在檔案中尋找文字","copilot.tools.getChangedFiles.name":"Git 變更","copilot.tools.getDocInfo.description":"對於類別或函數等符號，尋找如何記錄的相關資訊","copilot.tools.getDocInfo.name":"文件資訊","copilot.tools.getErrors.name":"取得問題","copilot.tools.getNotebookCellOutput.description":"讀取先前執行的儲存格的輸出","copilot.tools.getNotebookCellOutput.name":"取得筆記本儲存格輸出","copilot.tools.getTerminalOutput.name":"取得終端輸出","copilot.tools.getVSCodeAPI.name":"取得 VS Code API 參考","copilot.tools.insertEdit.name":"編輯檔案","copilot.tools.listCodeUsages.name":"尋找使用方式","copilot.tools.listDirectory.name":"清單目錄","copilot.tools.newJupyterNotebook.description":"建立新的 Jupyter Notebook","copilot.tools.openSimpleBrowser.description":"在簡易瀏覽器中預覽本機托管的網站","copilot.tools.openSimpleBrowser.name":"開啟簡易瀏覽器","copilot.tools.readFile.name":"讀取檔案","copilot.tools.readProjectStructure.name":"專案結構","copilot.tools.replaceString.name":"取代檔案中的字串","copilot.tools.runInTerminal.name":"在終端中執行","copilot.tools.runNotebookCell.description":"觸發筆記本檔案中的儲存格執行","copilot.tools.runNotebookCell.name":"執行筆記本儲存格","copilot.tools.runTests.name":"執行測試","copilot.tools.searchCodebase.name":"程式碼基底","copilot.tools.searchWorkspaceSymbols.name":"工作區符號","copilot.tools.testFailure.name":"測試失敗","copilot.tools.think.name":"思索","copilot.tools.updateUserPreferences.name":"更新使用者喜好設定","copilot.vscode.api.description":"詢問關於 VS Code 延伸模組開發的問題","copilot.vscode.api.sampleRequest":"如何新增文字到狀態列?","copilot.vscode.description":"詢問有關 VS Code 的問題","copilot.vscode.sampleRequest":"開啟整合式終端的命令是什麼?","copilot.vscode.search.description":"產生工作區搜尋的查詢參數","copilot.vscode.search.sampleRequest":"在我的 'src' 目錄下的所有檔案中搜尋 'foo'","copilot.vscode.setupTests.description":"在專案中設定測試 (實驗性)","copilot.vscode.setupTests.sampleRequest":"將 Playwright 測試新增至我的專案","copilot.vscode.startDebugging.description":"產生啟動設定並在 VS Code 中開始偵錯 (實驗型)","copilot.vscode.startDebugging.sampleRequest":"在連接埠 9229 連線至節點應用程式","copilot.vscode.tool.description":"使用 VS Code API 參考資料以回答有關 VS Code 擴充開發的問題。","copilot.workspace.description":"提出有關您工作區的問題","copilot.workspace.doc.description":"新增此符號的文件註解","copilot.workspace.edit.description":"編輯工作區中的檔案","copilot.workspace.edit.inline.description":"在使用中的編輯器中編輯選取的程式碼","copilot.workspace.explain.description":"說明使用中編輯器中的程式碼如何運作","copilot.workspace.fix.description":"為選取的程式碼中的問題建議修正","copilot.workspace.fix.sampleRequest":"此程式碼有問題。重寫程式碼以顯示已修復錯誤的情況。","copilot.workspace.generate.description":"產生新程式碼","copilot.workspace.new.description":"工作區中新檔案或專案的 Scaffold 程式代碼","copilot.workspace.new.sampleRequest":"使用 TypeScript 建立 RESTful API 伺服器","copilot.workspace.newNotebook.description":"建立新的 Jupyter Notebook","copilot.workspace.newNotebook.sampleRequest":"如何建立筆記本以從 CSV 檔案載入資料?","copilot.workspace.review.description":"在使用中的編輯器中檢閱選取的程式碼","copilot.workspace.sampleRequest":"如何建立此專案?","copilot.workspace.semanticSearch.description":"尋找查詢的相關程式碼","copilot.workspace.semanticSearch.sampleRequest":"工具列程式碼在何處？","copilot.workspace.tests.description":"為選取的程式碼產生單元測試","copilot.workspaceSymbols.tool.description":"使用語言服務搜尋工作區符號。","github.copilot.badge.signUp":"註冊 GitHub Copilot","github.copilot.badge.star":"GitHub 上的出色 Copilot","github.copilot.badge.twitter":"在 Twitter 上關注 GitHub","github.copilot.badge.youtube":"在 Youtube 上查看 GitHub","github.copilot.chat.completionContext.typescript.mode":"TypeScript Copilot 內容提供者的執行模式。","github.copilot.chat.copilotDebugCommand.enabled":"終端機中是否已啟用 `copilot-debug` 命令。","github.copilot.chat.editor.temporalContext.enabled":"進行內嵌聊天要求時，是否要包含最近檢視及編輯過的檔案與 Copilot 要求。","github.copilot.chat.edits.suggestRelatedFilesForTests":"是否要從 Copilot Edits 工作集的測試檔案建議來源檔案。","github.copilot.chat.edits.temporalContext.enabled":"進行編輯要求時，是否要包含最近檢視和編輯過的檔案與 Copilot 要求。","github.copilot.chat.languageContext.fix.typescript.enabled":"啟用 TypeScript 語言內容提供者以進行 /修正命令","github.copilot.chat.languageContext.inline.typescript.enabled":"啟用內嵌聊天的 TypeScript 語言內容提供者 (以進行產生和編輯)","github.copilot.chat.languageContext.typescript.cacheTimeout":"TypeScript 語言內容提供者的快取填充逾時 (以毫秒為單位)。預設值為 500 毫秒。","github.copilot.chat.languageContext.typescript.enabled":"啟用 TypeScript 語言內容提供者以進行內嵌完成","github.copilot.command.applyReviewSuggestion":"套用","github.copilot.command.applyReviewSuggestionAndNext":"套用並移至下一個","github.copilot.command.applySuggestionWithCopilot":"使用 Copilot 套用建議","github.copilot.command.attachTerminalSelection":"將終端機選取項目新增至聊天","github.copilot.command.buildLocalWorkspaceIndex":"組建本機工作區索引","github.copilot.command.buildRemoteWorkspaceIndex":"組建遠端工作區索引","github.copilot.command.collectDiagnostics":"GitHub Copilot 聊天診斷","github.copilot.command.collectWorkspaceIndexDiagnostics":"收集工作區索引診斷","github.copilot.command.continueReviewInChat":"在聊天面板中檢視","github.copilot.command.continueReviewInInlineChat":"捨棄並複製到內嵌聊天","github.copilot.command.discardAllReviewSuggestion":"全部捨棄","github.copilot.command.discardReviewSuggestion":"捨棄","github.copilot.command.discardReviewSuggestionAndNext":"捨棄並移至下一個","github.copilot.command.explainTerminalLastCommand":"說明最後一個終端機命令","github.copilot.command.explainTerminalSelection":"說明終端機選取項目","github.copilot.command.explainTerminalSelectionContextMenu":"說明","github.copilot.command.explainThis":"說明","github.copilot.command.fixTestFailure":"修正測試失敗","github.copilot.command.fixThis":"修正","github.copilot.command.generateConfiguration":"使用 GitHub Copilot 產生偵錯設定","github.copilot.command.generateDocs":"產生文件","github.copilot.command.generateSTest":"從上次聊天要求產生 STest","github.copilot.command.generateTests":"產生測試","github.copilot.command.generateThis":"產生此項","github.copilot.command.gotoNextReviewSuggestion":"下一個建議","github.copilot.command.gotoPreviousReviewSuggestion":"上一個建議","github.copilot.command.helpfulReviewSuggestion":"有幫助","github.copilot.command.logWorkbenchState":"記錄 Workbench 狀態","github.copilot.command.openUserPreferences":"開啟用戶喜好設定","github.copilot.command.openWalkthrough":"開啟逐步解說","github.copilot.command.rerunWithCopilotDebug":"偵錯最後一個終端機命令","github.copilot.command.reviewAndComment":"檢閱並認可","github.copilot.command.reviewChanges":"Copilot 程式碼檢閱 - 未認可的變更","github.copilot.command.reviewChanges.cancel":"Copilot 程式碼檢閱 - 取消","github.copilot.command.reviewStagedChanges":"Copilot 檢閱 - 暫存變更","github.copilot.command.reviewUnstagedChanges":"Copilot 檢閱 - 未暫存變更","github.copilot.command.sendChatFeedback":"傳送聊天意見反應","github.copilot.command.showNotebookLog":"顯示聊天記錄筆記本","github.copilot.command.unhelpfulReviewSuggestion":"沒有幫助","github.copilot.config.agent.currentEditorContext.enabled":"啟用後，Copilot 將在代理程式模式的內容中包含目前活動編輯器的名稱。","github.copilot.config.agent.runTasks":"設定 Copilot Edits 是否可以在代理模式下執行工作區工作。","github.copilot.config.agent.thinkingTool":"啟用思考工具，讓 Copilot 在代理程式模式中深入思考您的要求，然後再產生回應。","github.copilot.config.autoFix":"自動修正已編輯檔案的診斷。","github.copilot.config.byok.ollamaEndpoint":"透過帶入您自己的金鑰存取時，Ollama 所使用的端點。預設值為 localhost。","github.copilot.config.codeGeneration.instruction.file":"將新增至產生程式碼的 Copilot 要求的檔案路徑。您可以選擇性地指定指示的語言。","github.copilot.config.codeGeneration.instruction.text":"將新增至產生程式碼的 Copilot 要求的文字指示。您可以選擇性地指定指示的語言。","github.copilot.config.codeGeneration.instructions":"將新增一組指示至 Copilot 要求，以產生程式碼。\n指示可能來自:\n- 工作區中的檔案: `{ \"file\": \"fileName\" }`\n- 自然語言的文字: `{ \"text\": \"Use underscore for field names.\" }`\n\n注意: 請保持指示簡短且精確。不良的指示可能會降低 Copilot 的品質和表現。","github.copilot.config.codeGeneration.useInstructionFiles":"控制來自 '.github/copilot-instructions.md' 的程式碼指示是否要新增到 Copilot 要求。\n\n注意: 請讓您的指示保持簡短且精確。不良的指示可能會降低 Copilot 的品質和效能。[深入了解](https://aka.ms/github-copilot-custom-instructions) 關於自訂 Copilot 的資訊。","github.copilot.config.codesearch.enabled":"使用 `#codebase` 時是否啟用代理程式碼搜索。","github.copilot.config.commitMessageGeneration.instruction.file":"將會新增至 Copilot 要求以產生認可訊息且包含指示的一個檔案路徑。","github.copilot.config.commitMessageGeneration.instruction.text":"將會新增至 Copilot 要求以產生認可訊息的文字指示。","github.copilot.config.commitMessageGeneration.instructions":"將會新增至 Copilot 要求以產生認可訊息的一組指示。\n指示可能來自:\n- 工作區中的檔案: `{ \"file\": \"fileName\" }`\n- 自然語言文字: `{ \"text\": \"Use conventional commit message format.\" }`\n\n注意: 請讓您的指示保持簡短且精確。不良的指示可能會降低 Copilot 的品質和效能。","github.copilot.config.debugTerminalCommandPatterns":"偵錯終端中應顯示「偵錯命令」快速修正作業的命令清單。","github.copilot.config.debugTerminalCommands":"是否快速修正偵錯終端和 `copilot-debug` 命令中的提示。","github.copilot.config.edits.codesearch.enabled":"此設定已被棄用，請改用 `#github.copilot.chat.codesearch.enabled#`。","github.copilot.config.edits.enabled":"是否要啟用 Copilot 編輯功能。","github.copilot.config.edits.suggestRelatedFilesFromGitHistory":"是否要從 Copilot Edits 工作集的 Git 歷程記錄建議相關檔案。","github.copilot.config.editsNewNotebook.enabled":"是否要在 Copilot Edits 中啟用新的筆記本工具。","github.copilot.config.enableCodeActions":"控制 Copilot 命令在可用時是否顯示為 Code Actions","github.copilot.config.enableUserPreferences":"啟用在代理程式模式中記住用戶喜好設定。","github.copilot.config.experimental.testGeneration.instruction.file":"將新增至產生測試的 Copilot 要求的檔案路徑。您可以選擇性地指定指示的語言。","github.copilot.config.experimental.testGeneration.instruction.text":"將新增至產生測試的 Copilot 要求的文字指示。您可以選擇性地指定指示的語言。","github.copilot.config.generateTests.codeLens":"針對目前測試涵蓋範圍資訊未涵蓋的符號顯示 [產生測試] 程式碼功能濾鏡。","github.copilot.config.localeOverride":"指定 Copilot 應該回應的地區設定，例如 'en' 或 'fr'。根據預設，Copilot 會使用 VS Code 所設定的顯示語言地區設定來回應。","github.copilot.config.newWorkspaceCreation.enabled":"是否要啟用新的代理程式工作區建立。","github.copilot.config.notebook.followCellExecution":"控制從 Copilot 執行時，目前執行的儲存格是否會在檢視區中顯示。","github.copilot.config.pullRequestDescriptionGeneration.instruction.file":"將會新增至 Copilot 要求以產生提取要求標題和描述且包含指示的一個檔案路徑。","github.copilot.config.pullRequestDescriptionGeneration.instruction.text":"將新增至產生提取要求標題與描述之 Copilot 要求的文字指示。","github.copilot.config.pullRequestDescriptionGeneration.instructions":"一組將會新增至 Copilot 要求的指示，用以產生提取要求的標題與描述。\n指示可能來自:\n- 工作區中的檔案: `{ \"file\": \"fileName\" }`\n- 採用自然語言的文字: `{ \"text\": \"總是包含主要變更清單。\" }`\n\n注意: 請讓您的指示保持簡短且精確。不良的指示可能會降低 Copilot 的品質和效能。","github.copilot.config.renameSuggestions.triggerAutomatically":"控制 Copilot 是否會產生重新命名的建議","github.copilot.config.reviewSelection.enabled":"啟用目前選取項目的程式碼檢閱。","github.copilot.config.reviewSelection.instruction.file":"將新增到 Copilot 要求的檔案路徑，提供目前選取項目的程式碼檢閱。您可以選擇性地指定指示的語言。","github.copilot.config.reviewSelection.instruction.text":"將新增到 Copilot 要求的文字指示，提供目前選取項目的程式碼檢閱。您可以選擇性地指定指示的語言。","github.copilot.config.reviewSelection.instructions":"將新增到 Copilot 要求的一組文字指示，提供目前選取項目的程式碼檢閱。\n指示可能來自:\n- 工作區中的檔案: `{ \"file\": \"fileName\" }`\n- 自然語言文字: `{ \"text\": \"Use underscore for field names.\" }`\n\n注意: 請保持指示簡短且精確。不良的指示可能會降低 Copilot 的有效性。","github.copilot.config.scopeSelection":"如果使用者使用 `/explain` 並且使用中編輯器沒有選取，是否提示使用者選取特定符號範圍。","github.copilot.config.setupTests.enabled":"啟用 `/setupTests` 意圖，並在產生 `/tests' 時提示。","github.copilot.config.startDebugging.enabled":"在面板聊天中啟用 `/startDebugging` 意圖。產生或尋找啟動設定，以符合查詢 (如有)、專案結構等。","github.copilot.config.summarizeAgentConversationHistory.enabled":"是否在內容視窗填入後自動摘要代理程式交談歷程記錄。","github.copilot.config.terminalChatLocation":"控制應該開啟來自終端機的聊天查詢的位置。","github.copilot.config.terminalChatLocation.chatView":"開啟聊天檢視。","github.copilot.config.terminalChatLocation.quickChat":"開啟快速聊天。","github.copilot.config.terminalChatLocation.terminal":"開啟終端機內嵌聊天","github.copilot.config.testGeneration.instructions":"將新增至產生測試的 Copilot 要求的一組指示。\n指示可能來自:\n- 工作區中的檔案: `{ \"file\": \"fileName\" }`\n- 自然語言的文字: `{ \"text\": \"Use underscore for field names.\" }`\n\n注意: 請保持指示簡短且精確。不良的指示可能會降低 Copilot 的品質和表現。","github.copilot.config.useProjectTemplates":"使用 '/new' 時，使用相關的 GitHub 專案作為入門專案","github.copilot.devcontainer.generateDevContainerConfig":"使用 Copilot 產生開發人員容器設定","github.copilot.git.generateCommitMessage":"使用 Copilot 產生認可訊息","github.copilot.icon":"GitHub Copilot 圖示","github.copilot.nextEditSuggestions.enabled":"是否要啟用下一個編輯建議 (NES)。\n\nNES 可以根據您最近的變更建議下一個編輯。[深入了解](https://aka.ms/vscode-nes) 關於下一個編輯建議。","github.copilot.nextEditSuggestions.fixes":"是否要透過下一個編輯建議 (NES) 提供診斷修正。","github.copilot.resetAutomaticCommandExecutionPrompt":"重設自動命令執行提示","github.copilot.submenu.copilot.label":"Copilot","github.copilot.submenu.reviewComment.applyAndNext.label":"套用並移至下一個","github.copilot.submenu.reviewComment.discard.label":"捨棄","github.copilot.submenu.reviewComment.discardAndNext.label":"捨棄並移至下一個","github.copilot.tools.createAndRunTask.description":"在工作區中建立並執行工作","github.copilot.tools.createAndRunTask.name":"建立並執行工作","github.copilot.tools.createAndRunTask.userDescription":"在工作區中建立並執行工作","github.copilot.tools.createNewWorkspace.name":"建立新工作區","github.copilot.tools.createNewWorkspace.userDescription":"在 VS Code 中架起新的工作區","github.copilot.tools.getProjectSetupInfo.name":"取得專案設定資訊","github.copilot.tools.githubRepo.name":"搜尋 GitHub 存放庫","github.copilot.tools.githubRepo.userDescription":"在 GitHub 存放庫中搜尋相關的原始程式碼片段。您可以使用 `owner/repo` 指定存放庫","github.copilot.tools.openEmptyFolder.name":"將空白資料夾開啟為 VS Code 工作區","github.copilot.tools.searchResults.description":"搜尋檢視中的結果","github.copilot.tools.searchResults.name":"搜尋檢視結果","github.copilot.tools.terminalLastCommand.description":"使用中終端機的最後執行命令","github.copilot.tools.terminalLastCommand.name":"終端機最後命令","github.copilot.tools.terminalSelection.description":"使用中終端機的選取範圍","github.copilot.tools.terminalSelection.name":"終端機選取範圍","github.copilot.viewsWelcome.chatDisabled":"組織管理員目前已停用您帳戶的 GitHub Copilot 聊天。請連絡組織系統管理員以啟用聊天。\n\n[深入了解](https://docs.github.com/en/copilot/managing-copilot/managing-github-copilot-in-your-organization/managing-github-copilot-features-in-your-organization/managing-policies-for-copilot-in-your-organization)","github.copilot.viewsWelcome.contactSupport":"您的帳戶似乎發生問題。請和 GitHub 客戶支援連絡。\n\n[連絡客戶支援](https://support.github.com/?editor=vscode)","github.copilot.viewsWelcome.debug":"GitHub Copilot 聊天可協助您開始偵錯 (根據 [終端機命令](command:github.copilot.chat.startCopilotDebugCommand) 或使用 [互動式聊天](command:workbench.action.chat.open?%7B%22query%22%3A%22%40vscode%20%2FstartDebugging%20%22%2C%22isPartialQuery%22%3Atrue%7D))。","github.copilot.viewsWelcome.enterprise":"請連絡您的 GitHub 組織系統管理員以啟用 Copilot。","github.copilot.viewsWelcome.individual.expired":"您的 Copilot 訂用帳戶已過期。\n\n[檢閱 Copilot 設定](https://github.com/settings/copilot?editor=vscode)","github.copilot.viewsWelcome.offline":"您目前已離線。請連線到網際網路以使用 GitHub Copilot。\n\n[重試連線](command:github.copilot.refreshToken)","github.copilot.viewsWelcome.signIn":"登入以使用 Copilot AI 功能。\n\n[登入以使用 Copilot](command:workbench.action.chat.triggerSetup)","github.copilot.viewsWelcome.switchToReleaseChannel":"穩定版本的 VS Code 目前不支援 GitHub Copilot Chat 擴充功能的發行前版本。請切換至 GitHub Copilot Chat 的發行版本，或嘗試使用 VS Code Insiders。\n\n[切換至發行版並重新載入](command:runCommands?%7B%22commands%22%3A%5B%7B%22command%22%3A%22workbench.extensions.action.switchToRelease%22%2C%22args%22%3A%5B%22GitHub.copilot-chat%22%5D%7D%2C%22workbench.action.reloadWindow%22%5D%7D)\n\n[切換至 VS Code Insiders](https://aka.ms/vscode-insiders)","github.copilot.walkthrough.description":"您的 AI 配對程式設計人員可以更快速且更聰明地撰寫程式碼","github.copilot.walkthrough.edits.description":"使用 **Copilot Edits** 選取您要使用的檔案，並描述您要做的變更。Copilot 會直接套用到您的檔案。\n[使用 Copilot 編輯](command:workbench.action.chat.open?%7B%22mode%22%3A%22edit%22%7D)","github.copilot.walkthrough.edits.media.altText":"影片顯示使用者將檔案拖放到位於次要側邊欄的 Copilot Edits 輸入方塊。Copilot 接著會根據使用者的要求更新檔案","github.copilot.walkthrough.edits.title":"使用自然語言進行變更","github.copilot.walkthrough.firstSuggest.description":"當您在編輯器中輸入時，Copilot 會建議程式碼，以協助完成您起頭的內容。","github.copilot.walkthrough.firstSuggest.media.altText":"影片顯示不同的 Copilot Completions，其中 Copilot 會建議程式碼，協助使用者完成其程式碼","github.copilot.walkthrough.firstSuggest.title":"AI 建議的程式碼完成","github.copilot.walkthrough.inlineChatMac.description":"有時候，描述您想要直接在檔案中撰寫的程式碼比較容易。\n放置游標或進行選取，然後使用 **``Cmd+I``** 開啟**內嵌聊天**。","github.copilot.walkthrough.inlineChatMac.media.altText":"影片顯示使用者叫用內嵌聊天 Widget，並以自然語言要求 Copilot 修改檔案。然後 Copilot 進行了所要求的修改","github.copilot.walkthrough.inlineChatMac.title":"在您的檔案中使用自然語言","github.copilot.walkthrough.inlineChatNotMac.description":"有時候，描述您想要直接在檔案中撰寫的程式碼比較容易。\n放置游標或進行選取，然後使用 **``Ctrl+I``** 開啟**內嵌聊天**。","github.copilot.walkthrough.inlineChatNotMac.media.altText":"編輯器中的內嵌 Chat 檢視。影片顯示使用者叫用內嵌聊天 Widget，並以自然語言要求 Copilot 修改檔案。然後 Copilot 進行了所要求的修改","github.copilot.walkthrough.inlineChatNotMac.title":"在您的檔案中使用自然語言","github.copilot.walkthrough.panelChat.description":"使用 **@workspace** 詢問 Copilot 程式設計問題，或取得程式碼方面的協助。\n 輸入 **@** 查看可以直接聊天的有空聊天參與者，每個都有自己的專長。\n[與 Copilot 聊天](command:workbench.action.chat.open?%7B%22mode%22%3A%22ask%22%7D)","github.copilot.walkthrough.panelChat.media.altText":"使用者在次要側邊欄的 Copilot Chat 面板中叫用 @workspace，以了解程式碼基底。Copilot 擷取相關資訊，並提供包含檔案連結的回應","github.copilot.walkthrough.panelChat.title":"聊聊您的程式碼","github.copilot.walkthrough.setup.noAction.description":"您可以使用 Copilot 跨多個檔案產生程式代碼、修正錯誤、詢問程式程式碼相關問題，以及使用自然語言進行其他作業。\n 我們現在提供您的 GitHub 帳戶 [Copilot for free](https://github.com/features/copilot/plans)。","github.copilot.walkthrough.setup.signIn.description":"您可以使用 Copilot 跨多個檔案產生程式碼、修正錯誤、使用自然語言詢問程式碼相關問題等。\n 我們現在為您的 GitHub 帳戶提供 [Copilot 免費版](https://github.com/features/copilot/plans) (英文)。\n\n[使用 Copilot 免費版](command:workbench.action.chat.triggerSetup)","github.copilot.walkthrough.setup.signIn.title":"登入以使用 Copilot 免費版","github.copilot.walkthrough.setup.signUp.description":"您可以使用 Copilot 跨多個檔案產生程式碼、修正錯誤、使用自然語言詢問程式碼相關問題等。\n 我們現在為您的 GitHub 帳戶提供 [Copilot 免費版](https://github.com/features/copilot/plans) (英文)。\n\n[使用 Copilot 免費版](command:workbench.action.chat.triggerSetup)","github.copilot.walkthrough.setup.signUp.title":"免費開始使用 Copilot","github.copilot.walkthrough.signIn.description":"若要開始使用 Copilot，請使用您的 GitHub 帳戶登入。\n請確認您使用正確的 GitHub 帳戶。您也可以稍後使用帳戶功能表來登入。\n\n[登入](command:github.copilot.signIn)","github.copilot.walkthrough.signIn.media.altText":"透過本逐步解說或 VS Code 的帳戶功能表來登入 GitHub","github.copilot.walkthrough.signIn.title":"使用 GitHub 登入","github.copilot.walkthrough.sparkle.description":"Copilot 在整個 VS Code 介面中使用 AI 支援的智慧動作，來增強您的編碼體驗。\n請尋找 $(sparkle) 圖示，例如在[原始檔控制檢視](command：workbench.view.scm)中，Copilot 會根據程式碼變更，產生認可訊息和 PR 描述。\n\n[探索提示和祕訣](https://code.visualstudio.com/docs/copilot/copilot-vscode-features)","github.copilot.walkthrough.sparkle.media.altText":"影片顯示在原始檔控制輸入方塊中點擊閃亮圖示，觸發 GitHub Copilot 自動產生認可訊息","github.copilot.walkthrough.sparkle.title":"請留意智慧動作","github.copilot.walkthrough.title":"GitHub Copilot"}
